index	class	title
0	體育	亞洲杯奪冠賠率：日本、伊朗領銜 中國竟與泰國並列
1	體育	9輪4球本土射手僅次武磊 黃紫昌要搶最強U23頭銜
2	體育	如果今年勇士奪冠，下賽季詹姆斯何去何從？
3	體育	超級替補！科斯塔本賽季替補出場貢獻7次助攻
4	體育	騎士6天里發生了啥？從首輪搶七到次輪3-0猛龍
5	體育	如果朗多進入轉會市場，哪些球隊適合他？
6	體育	詹姆斯G3決殺，你怎麼看？
7	體育	大魔王帶頭唱歌！火箭這像是打季後賽？爵士神帥這話已提前投降了
8	體育	馬夏爾要去切爾西？可以商量，不過穆里尼奧的要價是4000萬加威廉
9	體育	利希施泰納宣佈賽季結束後離隊：我需要新的挑戰
10	體育	怎麼樣看待大連一方在中超聯賽第九輪取得的賽季首勝？
11	體育	科勒·卡戴珊與男友TT共進午餐，曾在他懷孕期間偷腥的渣男被原
12	體育	作為央視體育體育頻道，CCTV5一到週末就直播馬拉松你怎麼看？
13	體育	如果2018騎士奪冠，詹姆斯這個冠軍的含金量有多大？
14	體育	昔日中超金靴半場獨造6球虐爆遼足 華夏送走他後悔嗎？
15	體育	NBA歷史排名前十都有誰？
16	體育	你希望利物浦贏得歐冠嗎？巴薩主帥巴爾韋德的回答耐人尋味
17	體育	絕殺！詹姆斯38+7再創傳奇一刻，兩護法創另類神跡更功不可沒
18	體育	再現絕殺！今天的老詹怎麼吹
19	體育	拜仁3比1逆轉科隆，J羅現世界級做餅
20	體育	白送一個點球！恆大都不要？卡納瓦羅笑容真有意思
21	體育	劉詩雯戴罪立功取勝平野美宇為中國女乒拿到世乒賽冠軍，怎麼看待這場比賽？
22	體育	天堂與地獄是有多近？看看比賽最後8秒的猛龍就知道了
23	體育	魯能隊員的身高
24	體育	WKG&M-1世界綜合格鬥賽明星見面會引爆鵬城
25	體育	如何看待第一詹黑皮爾斯，公開贊美詹姆斯？
26	體育	粵媒：缺少外援的恆大還是不行
27	體育	熱刺作死的節奏！連墊底隊都輸，歐冠席位懸了？
28	體育	德帥談沒球隊面試布茲德里克：出於自私的原因，他在這讓我開心
29	體育	雙刃劍！山東魯能高中鋒讓人又愛又恨
30	體育	克洛普：希望凱塔能迅速起到作用，可能會邀請他去基輔
31	體育	在歐洲是奪歐冠難，還是奪聯賽難？這篇文章將告訴您答案！
32	體育	斯諾克世錦賽半決賽，馬克-威廉姆斯17-15霍金斯，希金斯和威廉姆斯誰能奪冠？
33	體育	脂肪肝怎樣最快消失？
34	體育	韋德的一句bad boy！網友們炸了：個個都是段子手！
35	體育	中國隊亞洲杯抽到上上簽，為何里皮臉色仍然很凝重？
36	體育	今日直播龍星戰及女子圍甲 + 星陣讓先9連勝 + 暗渡陳倉
37	體育	如果勇士今年奪得總冠軍，是不是就算建立了王朝？
38	體育	橫掃東部第一？這事騎士已經乾過一次！直接把對手打到解體重建！
39	體育	2018陸家嘴金融城足球聯賽昨天拉開帷幕
40	體育	絕殺猛龍之夜！詹姆斯5次重摔在地，再心酸也值得了！
41	體育	哦！中國第114個世界乒乓球冠軍——王楚欽！為中國對加油！
42	體育	朱婷在女排歐冠半決賽中受傷，這會對瓦基弗產生怎樣的影響，還能夠奪冠嗎？
43	體育	德國男乒3:2艱難戰勝韓國，挺進決賽會師國乒，中德乒乓大戰勝算大嗎？
44	體育	詹姆斯現在的絕殺球能力在聯盟中是什麼水準？
45	體育	淘汰恆大也保不住曼薩諾，保級戰釀1-5慘案，球迷怒吼下課！
46	體育	曝限薪令最快在夏窗出台 恆大重慶或成最大受害者
47	體育	58同城中甲：下半場的卓爾惹不起 他們這一數據冠絕聯賽
48	體育	瑞典世乒賽中國女隊奪冠，如何看待新聞發佈會上石川佳純充當中國翻譯？
49	體育	世乒賽男團決賽，中國隊3-0完勝德國，兩隊的排兵布陣有哪些亮點和失誤？
50	體育	道義放兩旁利字擺中間，屢戰屢敗的曼薩諾還能走多遠？
51	體育	如果騎士今年一輪游，那麼詹姆斯的歷史地位會受影響嗎？他還有機會再進總決賽嗎？
52	體育	通過運動健身，你覺得對你最大的改變是什麼？
53	體育	上港主場1-2負於國安，遭遇聯賽兩連敗，上港到底輸在哪？
54	體育	法網衛冕冠軍在馬德里首輪出局，法網衛冕前景蒙上陰影
55	體育	騎士和步行者戰成搶七險勝，而猛龍即將被橫掃，步行者跟猛龍的區別在哪裡？
56	體育	中超單場消息：埃爾克森建功難救主 上港主場遭遇國安逆轉
57	體育	惠若琪被問女排中素顏誰最美，她機智地回答郎平，你怎麼看？
58	體育	維亞利：尤文不應該簽埃姆雷-詹，而該選拉基蒂奇
59	體育	大連一方3:0完勝恆大，足協杯出局、又被一方大敗，恆大怎麼了？
60	體育	19年亞洲杯國足所在的C組算是上上簽嗎？
61	體育	安德森數據依舊犀利！對比之後並沒有變化，德安東尼在下一盤大棋
62	體育	勒布朗已是美國各大媒體公認的歷史第二人，他與喬丹的差距究竟還有多大？
63	體育	騎士戰勝猛龍拿到賽點，詹姆斯此項數據NBA第一，超過喬丹
64	體育	凱西談德羅贊：投不好也可以做其它事，比如防守
65	體育	24+5+4，第一新秀換人！20歲天才刷爆72年歷史，小詹皇被他打爆
66	體育	人和逼平魯能，京城狂漲粉，北京國安下輪有望登頂！
67	體育	瓦基弗銀行3:2逆轉意大利冠軍，晉級歐冠決賽，距離全滿貫又近了一步，怎麼看？
68	體育	中超第九輪，山東魯能0:0戰平北京人和，錯失登頂良機，怎麼評價本場比賽？
69	體育	為什麼提起火箭隊，很多球迷就會想起奧拉朱旺？
70	體育	世乒賽奪冠後，劉詩雯調侃自己在職業生涯末端，兩年後奧運會還能見到小棗嗎？
71	體育	2018年俄羅斯世界杯12座球館巡禮——伏爾加格勒體育場
72	體育	詹皇絕殺樂福21+16，騎士險勝猛龍總比分3-0，你怎麼看？
73	體育	聯賽8輪不敗+斬落領頭羊 國安攪亂中超爭冠格局
74	體育	2019亞洲杯中國國足到底怎樣做才能「奪冠」？
75	體育	一水二浪三死神 濃眉做花迪做葉 橫批？
76	體育	傑森-特里：塔特姆打出了超過他年齡的極佳表現
77	體育	多點開花，國際米蘭客場大勝烏迪內斯
78	體育	生猛！這個女人當4年馬刺助教，現在又要去應聘主教練！
79	體育	離被橫掃不遠？猛龍系列賽6困擾難解決：1優勢騎士輕鬆破除
80	體育	四國青年女籃亞特拉斯賽在秀舉行
81	體育	史蒂文斯神奇調整凱爾特人加時再勝76人，蘇群：76人完了
82	體育	大連海那麼多，都有什麼海上遊樂項目？
83	體育	德羅贊連續13場季後賽面對騎士沒有投進三分
84	體育	亞洲杯分組國足抽得上上簽，國足就一定能出線嗎？
85	體育	撒彩紙也不看清楚，打掃了足足七分鐘！凱爾特人竊喜中！
86	體育	時間過去將近兩年了，大家是如何看待杜蘭特加盟勇士這件事情？
87	體育	卡拉斯科的底線過人和本澤馬的哪個更優秀？
88	體育	NBA如果用帶隊能力給現役球星排名，前五都有誰？
89	體育	延邊富德怎麼了？主帥樸泰夏怎麼了？
90	體育	米體：比格利亞將在意大利杯決賽中復出
91	體育	男乒世乒賽九連冠
92	體育	郭躍在社交平台上說丁寧，每次輸掉比賽都說受傷，對此你怎麼看？
93	體育	猛龍主教練跟泰倫盧在這個系列賽的執教水平你怎麼看？
94	體育	5戰115分，隔扣被犯規還「口出狂言」，球迷：聽這話就有巨星潛質
95	體育	你們覺得李秋平加盟山東隊的可能性大嗎？
96	體育	亞洲杯小組賽中國隊賽程出爐：首戰吉爾吉斯斯坦
97	體育	cba歷史上最差的小外援是誰？
98	體育	姚明的「奧運第四問」：盼00後運動員繼續為國旗奮鬥
99	體育	女排歐冠半決賽，瓦基弗銀行3:2險勝科內利亞諾，你怎麼看？
100	體育	山東魯能有沒有可能拿到今年的中超冠軍？
101	體育	世乒賽決賽，劉詩雯2:3不敵伊藤美誠，對此你怎麼看？
102	體育	為何看到2018NBA季後賽勇士VS鵜鶘G3，勇士球迷稱勇士是在放水？
103	體育	WWE巨星究竟多有錢？約翰塞納有私人車庫，比WWE老闆的車還多！
104	體育	大連一方主場3-0擊敗廣州恆大，取得中超首勝，他們取得勝利的原因是什麼？
105	體育	為什麼國人能接受並喜歡石川佳純，但不怎麼喜歡張本智和？
106	體育	日媒：日乒和中國的差距正在縮小
107	體育	上港1-2輸給國安的比賽中，國安後衛劉歡的手球，沒有判罰點球，是不是誤判？
108	體育	網傳《馬卡報》披露，內馬爾希望加盟皇馬搭檔C羅，可能性有多大？
109	體育	德甲官方第33輪最佳陣容：J羅入選 馬里奧-戈麥斯在列
110	體育	凱西教練：我們這個賽季已經命懸一線
111	體育	武當掌門游玄德在生活中。比如街鬥對陣泰拳王西提猜，結果會怎樣？
112	體育	猛龍慘敗騎士真因曝光！兩錯誤讓詹姆斯上演絕殺，這鍋凱西得背！
113	體育	魯能0-0客平人和，錯失登頂良機
114	體育	女排國家聯賽已成新人試金石，她若能把握住上位良機必成大器！
115	體育	如果本賽季詹姆斯率領騎士奪冠，詹姆斯將有怎樣的歷史地位？
116	體育	這一球之後，來看看各路球星怎麼就變「詹吹」了
117	體育	爵爺，請你為自己再贏一次！
118	體育	劉詩雯首負日本因策略不當？8年磨礪自我救贖，劉國梁贊她這一點
119	體育	詹姆斯38分壓哨拋投絕殺 騎士3-0猛龍拿到賽點
120	體育	國腳張呈棟：從沒想過自己會出一本書
121	體育	離開新疆的李秋平，下賽季會到哪個球隊執教？
122	體育	過人如本澤馬？卡拉斯科點贊後引來馬競球迷指責
123	體育	中國自己的「球王」：22歲新星戲耍恆大3國腳太強悍！
124	體育	曼聯傳奇主帥弗格森突發腦溢血入院，現在情況如何？
125	體育	侯森：給自己定位代班門將，等楊智復出國安會更進一步
126	體育	易建聯接班人曬邀請函 秀警句激勵自己不忘初心
127	體育	西蒙斯：我們涼涼了，0-3沒希望了，球迷：你們需要詹姆斯，追吧
128	體育	丟一場贏一場，今天劉詩雯在世乒賽女團決賽的表現值不值得表揚？
129	體育	跑馬拉松你是如何準備的，要準備些什麼？
130	體育	NBA和CBA差距在哪裡？6張圖一目瞭然！
131	體育	上港主場1-2負於國安，遭遇聯賽兩連敗，上港到底輸在哪？
132	體育	騎士VS猛龍G3，樂福在內線強硬一打三，你怎麼看？
133	體育	競籃2串1：勇士客場擒鵜鶘 爵士主場再負火箭
134	體育	騎士官宣一消息，詹姆斯做出回應，泰倫盧成最大贏家
135	體育	皇馬2大鐵主力將無緣國家德比
136	體育	這支球隊老闆出場踢三場足協杯創歷史，球隊三輪狂丟14球也創紀錄
137	體育	世界殘疾人射擊錦標賽，河北姑娘破世界紀錄奪冠
138	體育	武當掌門游玄德在生活中。比如街鬥對陣泰拳王西提猜，結果會怎樣？
139	體育	世乒賽男團決賽：馬龍樊振東許昕上場，奧恰洛夫受傷德國無奈變陣
140	體育	如何看待「自由搏擊與傳統武術誰厲害」這樣的問題？
141	體育	2018瑞典世乒賽男團半決賽，中國隊3-0輕鬆取勝，如何評價三位球員的表現？
142	體育	2019年亞洲杯分組抽籤揭曉，中國隊首奪亞洲杯的機會真的來了嗎？
143	體育	這一榜單喬丹也只能屈居第二 現役季後賽得分榜他已無可超越
144	體育	爭冠關鍵戰，老婦人能否主場擒敵
145	體育	女排北侖集訓，被寄予厚望的小將李盈瑩正在打磨哪些技術環節？
146	體育	樂福頻繁一打三稱霸猛龍內線 造就詹姆斯驚世絕殺
147	體育	網傳《馬卡報》披露，內馬爾希望加盟皇馬搭檔C羅，可能性有多大？
148	體育	主帥1言恐讓德羅贊開啓暴走？2數據扎心，絕境的他平平無奇！
149	體育	5.5號比賽恆大金英權解圍踢到球了為什麼裁判給點球？
150	體育	霸氣！中國男隊9-1擊敗德國 「王者之師」斬獲世乒賽團體九連冠
151	體育	騎士與猛龍G3，詹姆斯打板絕殺猛龍，這球是什麼水平？
152	體育	廣州富力外援扎哈維的孩子，球場秀球技，頗有老爸的風采
153	體育	劉詩雯在世乒賽女團決賽的表現如何？
154	體育	什麼叫打球要用腦，看看人家隆指導
155	體育	猛龍主教練跟泰倫盧在這個系列賽的執教水平你怎麼看？
156	體育	身價僅值300萬美刀卻獲中超1億報價，瑞士巨星嘲諷這點錢太少了！
157	體育	天賦超越泰森，波蘭猛將只因一大天生缺陷無緣世界拳王
158	體育	大荔縣朝邑鎮：乘「大馬」東風 展名鎮風采
159	體育	詹姆斯又雙叒叕絕殺，洛瑞直接懵逼
160	體育	瑞典世乒賽男團決賽，中國隊面對德國隊，應該派出怎麼樣的陣容？
161	體育	真急了！詹姆斯與洛瑞發生衝突，三分回應再現死亡之瞪+絕殺比賽
162	體育	皆大歡喜！國乒女隊奪冠後接受採訪 中肯評價日本女乒發揮
163	體育	朱婷受傷下場調整，瓦基弗銀行差點被逆轉，朱婷決勝局力輓狂瀾
164	體育	國家德比來襲！巴薩力爭勝利送別大師，皇馬卻擺出全替補陣容？
165	體育	中甲最新積分榜：梅縣鐵漢21分鐘連入6球打爆遼寧宏運升至第七
166	體育	奧尼爾:艾科麥佛鯊VS維韋杜詹霍，誰是更強戰隊？
167	體育	2019亞洲杯中國國足到底怎樣做才能「奪冠」？
168	體育	埃梅里：姆巴佩本來想去皇馬或巴薩，但我勸住了他
169	體育	亞洲杯分組國足抽得上上簽，國足就一定能出線嗎？
170	體育	拒絕握手海因克斯 萊萬多夫斯基究竟為何？
171	體育	NBA最新票價排名！勇士隊第一，火箭隊看了都尷尬
172	體育	NBA最弱球隊和CBA最強球隊打比賽，哪個能贏？
173	體育	德羅巴解密助攻秘訣：我喝了球童的聖水
174	體育	國足攜手傑尼亞！里皮推選3小將前往羅馬訓練
175	體育	如何在商業活動中不受人欺騙？
176	體育	瑞典世乒賽中國女隊3-1日本女隊衛冕，如何看待劉詩雯的表現？
177	體育	哈登和保羅激烈爭吵，保羅伸手還被哈登打飛，安德森全程看呆，最後相互不理，怎麼看？
178	體育	維特爾：近幾年萊科寧的狀態被人們曲解了
179	體育	NBA的三分誰最厲害？
180	體育	八年抗詹，何時是頭！明年詹姆斯該對東部球隊進行九年義務教育
181	體育	北控女足主場惜敗
182	體育	2018陸家嘴金融城足球聯賽昨天拉開帷幕
183	體育	騎士再勝猛龍拿到賽場，場邊泰倫盧採訪通過樂福花式盛贊詹姆斯
184	體育	泰倫-盧：當詹姆斯全力衝刺時，沒人能防得住他
185	體育	詹姆斯又壓哨絕殺！聯盟第一人毫無爭議？
186	體育	裕安區平橋鄉助力國際馬拉松賽
187	體育	世界杯第一戰隊捲土重來！集齊六大巨星強攻大力神杯
188	體育	奧拉朱旺遠赴鹽湖城為火箭隊加油助威，你如何評價？
189	體育	火箭被爵士打出9-0反擊，保羅，哈登為此爭吵，從中我們能夠看出什麼？
190	體育	遭遇3連敗，東部2隊面臨生死一戰！坐擁主場優勢，大帝有望破局？
191	體育	休斯頓火箭隊哈登和雷霆隊威少，還有金州勇士隊杜蘭特，誰的實力更強？
192	體育	丟一場贏一場，今天劉詩雯在世乒賽女團決賽的表現值不值得表揚？
193	體育	勒布朗詹姆斯和騎士如何改變季後賽命運？
194	體育	「滾球體育APP」北京人和vs山東魯能直播分析和預測推薦
195	體育	溫格主場能否完美謝幕？來看看博彩公司的意圖！
196	體育	德羅贊取尷尬數據三節「打卡」 他離「超級巨星」還差得有點遠
197	體育	這才是老詹一見猛龍就往死裡打的真相，真是讓人拔涼拔涼的！
198	體育	無兄弟不籃球，勝利並不是所有，身邊有一個好兄弟陪你分擔，足矣
199	體育	你最喜歡的NBA巨星是誰，討厭的巨星又是誰，為什麼？
200	體育	球隊開心果！火箭官方曬周琦為塔克唱生日歌視頻：真奇妙
201	體育	猛龍VS騎士G3，詹姆斯絕殺的那一球，騎士隊為什麼不選擇發前場球？
202	體育	珍藏版！2018俄羅斯世界杯賽程表，世界杯32強巡禮！
203	體育	英冠第二支衝超隊：百年名隊重返英超，劉德華舅舅被罵4年終得正名
204	體育	繼詹皇、King James、老北京之外，詹姆斯又得一個新綽號
205	體育	官方：里貝里與拜仁續約一年
206	體育	奧蘭多，安迪爾森，詹姆斯，穆謝奎，誰對大連足球的貢獻更大？
207	體育	科爾不滿隆多墊腳庫里欲向聯盟投訴隆多，要是萊昂納德聽到這消息會有什麼感覺呢？
208	體育	恆大到底輸在哪裡？！0:3之後卡帥一番話給出輸球真因！
209	體育	他是中超唯一一個巴西主力 或成世界杯賽場中超最亮眼的名片
210	體育	世乒賽女團決賽，世界第一快劉詩雯2:3爆冷輸球。你怎麼看？
211	體育	定個小目標？巴薩盼保不敗+挫皇馬銳氣 助梅西爭歐洲金靴
212	體育	老將內內的出場時間驟然增加不少，而安德森跌出輪換，德帥此意為何？
213	體育	中國收入最高的球星：三度結婚終娶小17歲女友，被譽為足球領袖
214	體育	太幸福！詹姆斯絕殺之夜兒子前來觀戰！賽後父子倆一動作搞笑極了
215	體育	隆多疑似墊腳庫里，勇士或向聯盟討說法，科爾：那是很危險的動作
216	體育	籃球正負值是什麼意思？
217	體育	男團決賽，中德男乒大戰，馬龍兵不血刃3:0贏波爾，為國乒拿到開門紅，如何看待？
218	體育	誰能娶她？29歲美女奧運冠軍何雯娜重回體壇，想找長腿有腹肌男友
219	體育	火箭與爵士的第3戰 火箭的輪轉發生了變化 這變化將改變一人命運
220	體育	尤納斯下賽季會留在廣東嗎？這兩人或許比他更合適，朱總會選誰？
221	體育	金州勇士、皇家馬德里，誰在世界上影響力大？
222	體育	如果世乒賽第四局中，劉詩雯不是碰到也同樣輸一局的平野美宇，結局會怎樣？
223	體育	雖然中國女乒軍團世乒賽3:1戰勝日本，但日本球迷說不久日本女乒會贏中國，你怎麼看？
224	體育	萊萬與海因克斯決裂，拜仁還有必要留下他嗎？
225	體育	58同城中甲：替補登場顯神功，黃希揚一展皮爾洛神跡
226	體育	埃梅里：全隊在幫內馬爾適應巴黎
227	體育	您也辛苦了！泰倫-盧新聞發佈會上大口飲水
228	體育	曼城主帥瓜迪奧拉確認亞亞·圖雷今夏離開球隊
229	體育	亞洲杯分組國足抽得上上簽，國足就一定能出線嗎？
230	體育	科比他的一生之敵只有一個人，不是詹姆斯，那會是誰？
231	體育	2018世界杯有哪些強隊缺席？
232	體育	滎經縣安靖小學開展春季田徑運動會
233	體育	厲害了！武漢一高校學子在2018華中區學生跆拳道比賽中奪得14金！
234	體育	G3，76人最後時刻瘋狂慶祝，為什麼反而輸球了？
235	體育	勇士全神貫注 2017-2018NBA 勇士VS鵜鶘
236	體育	洛瑞纏著詹姆斯，導致詹姆斯倒地差點兒引發衝突，為何要吹詹姆斯犯規？你怎麼看？
237	體育	如果劉國梁出國執教你是支持還是反對？
238	體育	暫停期間隆多親身向濃眉哥示範如何在內線單打，隊友們看著不說話直點頭，你怎麼看？
239	體育	發誓加入中國國籍的黑人拳王阿迪薩亞為什麼離開中國了？
240	體育	足球茶館：作為國米球迷你都知道嗎？
241	體育	世乒賽1/4決賽馬龍和許昕均取勝，為樊振東鋪平道路，你如何看待？
242	體育	大連一方主場3-0擊敗廣州恆大，取得中超首勝，他們取得勝利的原因是什麼？
243	體育	瑞典世乒賽中國女隊奪冠，如何看待新聞發佈會上石川佳純充當中國翻譯？
244	體育	被打服！騎士詹皇外一人讓球迷心寬了，騎士凱爾特人宿敵再見？
245	體育	詹姆斯8秒絕殺猛龍，洛瑞表情呆滯含有淚花，你怎麼看？
246	體育	NBA球隊是否真的有」相生相克」？
247	體育	高山滑雪危險嗎？怎麼看經常有人摔出賽道？
248	體育	如何看待「自由搏擊與傳統武術誰厲害」這樣的問題？
249	體育	猛龍為什麼又輸了？
250	體育	為什麼說釣魚窮三代？
251	體育	意甲第36輪 切沃2:1力克克羅托內 收穫勝利
252	體育	詹姆斯G3絕殺猛龍，最後時刻追上騎士，猛龍心理有陰影嗎？
253	體育	世乒賽決賽劉詩雯痛失2賽點，遭伊藤美誠逆轉。究竟是哪裡出問題了？
254	體育	師徒之爭 舒斯特爾給卡納瓦羅上了一課
255	體育	今年東決如果騎士打凱爾特人，怎麼樣？
256	體育	昔日女乒主帥施之皓，最近情況怎麼樣啊？
257	體育	25球！國家德比的頭號射手——梅西
258	體育	為什麼女子網球服下裝是裙子？
259	體育	詹姆斯再次絕殺，3-0領先猛龍，你怎麼看？
260	體育	「賽事預測」萊加內斯 VS 萊萬特
261	體育	穆里尼奧希望桑德羅來代替盧克肖在曼聯的位置
262	體育	不要命了？生死邊緣還敢送溫暖！熱刺托大後果嚴重
263	體育	瑞典世乒賽中國女隊奪冠，如何看待新聞發佈會上石川佳純充當中國翻譯？
264	體育	周琦為塔克唱生日歌，全隊被逗的哈哈大笑，你怎麼評價？
265	體育	請許老闆打開支票本為恆大引入球員，有些人留著真沒什麼用！
266	體育	瓦基弗銀行3比2擊敗科內利亞諾殺進歐冠決賽，朱婷受傷仍砍24分，你如何評價？
267	體育	季後賽如此表現的保羅值得火箭續約嗎？
268	體育	曾以為他墮落平庸了，其實一直在蘊藏中，這就是我們最愛的隆多！
269	體育	《賞月夜·瞻世界》（第3期）-潘帕斯雄鷹盤旋天際只為最後一擊？
270	體育	如何看待恆大0:3輸給副班長大連一方，是故意的嗎？
271	體育	膜拜！詹姆斯絕殺，全聯盟眾球員發推：歷史最佳
272	體育	NBA季賽後，東西部半決賽局勢不同，詹姆斯有望再破紀錄
273	體育	上海上港輸球，山東魯能有機會贏球超越上港排名中超第一嗎？
274	體育	浙體產業週刊｜浙體產業一周資訊速遞2018-010
275	體育	全國籃球青訓看山東，濟南體校成冠軍搖籃
276	體育	《灌籃高手》全國大賽圖文解說（四）
277	體育	中超第9輪最佳陣容：大連一方成大戶 四大U23搶鏡中超
278	體育	世乒賽男團冠軍即將產生，國乒男隊能實現史無前例的九連冠霸業嗎？
279	體育	足球比賽中守門員什麼情況下可以用手，什麼時候又不能？
280	體育	無懼流言再創記錄，探花：我們的任務是盡快送他們去「見上帝！」
281	體育	2018-5-6 切爾西 vs 利物浦，今天繼續一場穩膽英超衝擊4連紅
282	體育	中國隊亞洲杯抽到上上簽，為何里皮臉色仍然很凝重？
283	體育	馬內：利物浦需要費基爾，他來了將火力全開
284	體育	馬刺助教梅西納將在今日面試雄鹿主帥職位
285	體育	老魚絕殺：爵士陷困境無調整餘地，主場戰火箭也無優勢
286	體育	連續第三次在世乒賽會師決賽，日本女隊都只拿到銀牌
287	體育	世乒賽女團決賽，世界第一快劉詩雯2:3爆冷輸球。你怎麼看？
288	體育	周琦為塔克唱生日歌，全隊被逗的哈哈大笑，你怎麼評價？
289	體育	連續5場20+，綠軍20歲新秀超越伯德，如此數據不輸米切爾西蒙斯
290	體育	新疆王朝隕落？李秋平卸任主帥，3危機令新疆難爭冠
291	體育	權健是做什麼的，為什麼那麼有錢？
292	體育	悲劇又要重演，猛龍連續三場失誤上雙，詹姆斯超帕克成現役第一
293	體育	詹姆斯現在的絕殺球能力在聯盟中是什麼水準？
294	體育	下一個世界前十竟然是他？打敗雅桑克萊和考的人說先過我這關
295	體育	中超第9輪，國安對上港，比賽最後階段裁判的判罰引發爭議，你認為判罰是否存在問題？
296	體育	為什麼歐冠決賽沒有國內媒體去現場解說，成本很高嗎？
297	體育	中超聯賽第9輪，重慶斯威0-1天津權健
298	體育	劉偉解說乒乓球比賽的水平如何？
299	體育	亨德森：榮幸為克洛普效力，皇馬是強大的隊伍
300	財經	法治聚焦｜多部門聯合發文規範民間借貸，嚴厲打擊暴力催收
301	財經	中國最獨特的公司，溫氏究竟厲害在哪裡？
302	財經	投P2P本金加12%利息全打水漂 後來我開始研究貸款
303	財經	5月31號前，企業需完成匯算清繳工作，會計注意這5個細節問題
304	財經	下週一（5.7日）手上持有這些股的要小心
305	財經	5萬元資金，該做什麼行業？
306	財經	信用卡賬單免息期與最長50天免息還款技巧大全！
307	財經	美增加關稅，為何人民幣不降反升？
308	財經	馮天睿：5.6千三大關何以告破 黃金原油下週一操作建議
309	財經	報名｜界面資本論壇熱點前瞻：各界共議「創造可持續價值」
310	財經	2017年的巴菲特股東大會有哪些看點？
311	財經	巴菲特：美國人生活會越來越好 比洛克菲勒都要過得好
312	財經	踐行「軍民融合」，助力「一帶一路」
313	財經	重磅：「5050」計劃打造全國人才生態最優區 「國際濱」蓄勢待發
314	財經	不僅首季業績持續高增長，這些股中期業績仍可期
315	財經	目前有35萬存款，怎樣在短期之內翻倍？
316	財經	中興通訊：關於重大事項進展公告
317	財經	好好把握比特幣的調整 每次都是機會
318	財經	尋找地產界「最強大腦」——中國房企2018年度CFO評選啓幕
319	財經	獨角獸藥明康德週二上市，但一季報淨利已現業績下滑
320	財經	車子安裝了高速etc，並且綁定的是中行信用卡。現在車準備賣了，etc怎樣處置？
321	財經	股東代表訴訟應定額收取訴訟費
322	財經	餘額寶有可能發行自己的銀聯卡，建自己的取款機嗎？
323	財經	擺地攤小本生意賣什麼最賺錢，那種銷售模式適合你
324	財經	股票，期貨配資有沒有市場前景？
325	財經	重磅：漲停板復盤！
326	財經	目前有35萬存款，怎樣在短期之內翻倍？
327	財經	4月CPI、進出口等數據將公佈，這些投資機會最靠譜
328	財經	中國排在前600的姓都有哪些？
329	財經	大麻竟被做成了衣服
330	財經	新政策新趨勢，解讀企業的上市背後的門道
331	財經	兩個人投資開店其中一個人不管，利潤該怎麼分？
332	財經	巴菲特，一生成功投資的最大秘密
333	財經	信用卡代還業興起，眾多平台被爆存違規套現、亂收費等問題
334	財經	比特幣BTC和比特幣現金BCH同時上漲，兩者是否互相影響？
335	財經	軍工行業11個世界500強大型企業集團資料整理
336	財經	如何判斷熱點題材板塊的持續性？
337	財經	很多散戶資金量不多，卻同時持有四五個，甚至十幾個品種的股票，這樣真的好麼？
338	財經	現在手裡面有兩萬塊錢的閒錢，不是很多。這筆錢怎麼在一年時間內賺最多的錢？
339	財經	用超過1億元的資金回購公司股份，這3家公司是怎麼了？
340	財經	聯想五大優勢構建直面萬億市場的新業務模式SIoT
341	財經	宋清輝：資管新規出爐意味著打破剛性兌付
342	財經	上證指數持續圍繞3100點震蕩，是築底還是持續下跌？
343	財經	股票書籍分享——技術分析之五檔買賣盤，還要練習盤感
344	財經	以茅台酒現在的價格，你認為它還是用來喝的嗎？
345	財經	幣圈事件：密貨幣是否成為證券，5月7號見分曉，後市操作見下文
346	財經	如何才能享受8%的定存利率？
347	財經	萬孚生物：科金控股計劃3個月內減持1%股份
348	財經	藍星生財之道公眾號增長計劃0.2版本
349	財經	連續29個跌停刷新A股記錄的ST保千里打開跌停，可否抄底？
350	財經	投資期限對資產配置的影響
351	財經	向初梵；5.6週一黃金操作建議，下周黃金走勢分析
352	財經	網貸逾期後，既不催收也聯繫不到客服，卻遭遇一天200元催收費
353	財經	三無人員申卡難，掌握申卡技巧快速下卡！
354	財經	有點閒錢了 放在哪裡收益最划算
355	財經	新手應該如何系統學習投資？
356	財經	巴菲特：不太可能向其股東發放一次性特別股息
357	財經	煙台企業參加廣交會入賬1.23億美元
358	財經	「上幣公告」ABCC上線DASH、OMG
359	財經	深市今日停復牌一覽(5月7日）
360	財經	廣交會到會採購商與成交額實現雙增長
361	財經	職業操盤手不可外傳的成交量買賣精髓，字字珠璣！
362	財經	活動預告l 資管新規解讀暨債市投資策略會
363	財經	餘額寶升級後，有兩只新的貨幣基金，分別是博時基金和中歐基金管理，對用戶有什麼風險嗎？
364	財經	創業者應該掌握的創業理念和方法
365	財經	陳柯楓：5.6黃金將繼續反彈，下周操作策略
366	財經	「擒龍術」核心——抓龍頭讓你不錯過題材或者板塊龍頭的任何機會
367	財經	信用卡逾期，已還本金10萬，銀行還要催收15萬逾期利息怎麼辦？
368	財經	GuruFocus創始人：股神接班人是今年最大亮點
369	財經	普通外匯投資者該如何炒外匯？
370	財經	5月6日股市內參
371	財經	長線投資一般投資什麼股票？
372	財經	山西首富是個初中生，第二名和第三名的財富加起來也沒首富一半多
373	財經	是走還是留？15.60元的成本，只怕是無影腳的票，第二天高開出貨
374	財經	被大多數人忽略的買房好處，我猜你沒有想到！
375	財經	準備賣大米，麵粉，油，應該在哪裡進貨？
376	財經	「國六」即將實施，常用的「國三」「國四」會怎樣處理呢？
377	財經	黃金原油下周走勢分析
378	財經	一斤兩塊五的青菜人都買的吃，為什麼兩塊五的股票沒人買呢？
379	財經	上證指數目前已形成2次的超大單資金的底背離了，已有條件見底了
380	財經	為什麼《英雄聯盟》國服皮膚賣那麼貴？
381	財經	交通銀行東方航空信用卡申請難嗎？白金卡比較難入手
382	財經	環保中小企業享受減稅利好，環保裝備製造企業同步起飛
383	財經	力帆股份再啓定增 擬募資24億元投新能源汽車產業鏈
384	財經	震蕩行情和單邊行情如何區分？
385	財經	宿城舉辦現代服務業招商推介會 28個項目成功簽約
386	財經	龔方雄：BAT回歸將加速中國資本市場的機構化和國際化
387	財經	普通外匯投資者該如何炒外匯？
388	財經	宋鴻兵的《貨幣戰爭》這本書可信度有多高？
389	財經	兩市晚間公告一覽：一公司24.8億投新能源汽車！股民：這夠嗎
390	財經	黃金周評：非農意外利多黃金維持震蕩，多頭髮力上方阻力重重
391	財經	深度好文：中國製造業需要擺脫三個陷阱
392	財經	關於均線系統，有什麼獨特的、有效的見解跟設置用法嗎？
393	財經	關於配額、新疆棉紡等話題，中棉行協第五屆六次常務理事會作熱議
394	財經	上交所高層變動！總經理黃紅元將升任理事長
395	財經	銘碩言5.6黃金非農急催拉盤空單掃尾，虧損該怎麼對待後市
396	財經	位置很差的水果店，如何通過一招將生意做成社區內最好？
397	財經	保險關聯交易監管法11年後大修 比現行規定有松有緊
398	財經	證金公司逆市增持券商股 中小盤成長股逐漸被資金錨定
399	財經	2018年A股百億富豪：何享健成首富 賈躍亭退出榜單
400	財經	白馬藍籌股的價格突然下跌，原因有哪些？
401	財經	中國股市的「莊家」到底是誰
402	財經	龍頭慘遭砸盤透重大暗示 下周初變盤風暴或驟然來襲？
403	財經	公告精選：藥明康德將於5月8日上市；南山控股換股吸收合併深基地B
404	財經	這類股你敢買嗎？
405	財經	海富通FOF鍍金未果 倉促建倉擇時失敗業績陷泥潭
406	財經	最近股票虧了4萬多，本金只有10萬，還有必要堅持嗎？
407	財經	自3月23日以來，A股持續在3100點附近震蕩，股市何時能突破該區域？
408	財經	幣圈重磅：BTC牛市已來，教你如何把握抄底時機！
409	財經	中國中藥協會靈芝專業委員會成立大會
410	財經	增值稅下調後，小規模納稅人開票如何處理？
411	財經	今日消息面：BCH上漲近3倍，高曉松稱數字貨幣可理解為地下黃金
412	財經	紫鑫藥業董事長郭春林：三大業務為核心 迎接大健康時代來臨
413	財經	全國人民喜迎油價上漲！
414	財經	如果你已然衣食無憂，有200萬閒錢做投資，你會如何使用？
415	財經	你還在為企業和項目的資金而發愁嘛？你會融資嘛？懂得如何融資嘛
416	財經	餘額寶升級以後，預期收益率是否會回到6%？
417	財經	餘額寶升級了，有什麼不一樣？
418	財經	Brian Kelly：比特幣在短期內將繼續激增的三個原因
419	財經	新妖出世，坐等加冕
420	財經	持有的股票一直不賣能等到牛市大漲嗎，什麼時候才能牛市大漲？
421	財經	5月5日美股低開高走，大漲將近400個點，對下週一A股走勢有什麼影響？
422	財經	盤點全國環保行業最賺錢上市公司50強排行榜
423	財經	「股神」巴菲特被一個8歲女孩問倒了！甚至懷疑自己買錯股票
424	財經	馬克思的影響從未離開——法國再掀馬克思主義研究熱潮
425	財經	欠錢不還的人是什麼心態？有錢也不願意還是什麼心態？
426	財經	450億！又一500強民企跨了 釋放哪些信號
427	財經	「移動醫療第一股」平安好醫生港交所掛牌上市，融資11億美元
428	財經	提供借款後立即要求支付利息屬於 變相預先扣除利息
429	財經	下周核心股票池：世界杯要來，最強最火的居然是只鴨脖概念股
430	財經	信用卡如何養卡，如何提額快？
431	財經	現在股市都是2―3元的很多，有哪些可以長期持有？
432	財經	去香港買保險有何利弊？
433	財經	真相驚人！白馬股閃崩頻現 到底是賺錢機會還是割韭菜陷阱？
434	財經	美4月就業數據欠佳 國內經濟短期承壓
435	財經	江蘇開通首條國際郵輪航線
436	財經	安永：全球並購交易勢頭正旺不受風險影響 中國為首選五大投資目的地之一
437	財經	買了這只股票讓巴菲特賺了七倍，而散戶卻至今還在深套之中
438	財經	技術丨脫硫石膏在水泥生產使用中的幾點措施
439	財經	股東大會上，巴菲特還提到了減稅、通貨膨脹、報業轉型
440	財經	股神巴菲特也看多A股？
441	財經	50歲了，一直是電商方面自由職業者，現在準備職業炒股從哪裡入手？
442	財經	招行呼和浩特分行感動服務添新舉措
443	財經	北京餐飲行業用工供、需居高 難堵用工缺口
444	財經	商標轉讓和商標變更一樣嗎？不一樣嗎？
445	財經	研究稱2035年廣東GDP將超英法 人均近20萬元
446	財經	關於中國的投資機會、中美貿易 巴菲特在股東大會上是這樣說的
447	財經	週一大盤機會難得不突破就創新低
448	財經	如果一沒有資金二沒有技術，但是有創業的激情，應該如何創業？
449	財經	新聞簡報：8.7億！阿里首次公佈支付寶們全球活躍用戶數量
450	財經	中國股市常被股民罵，為什麼？
451	財經	全自動炒幣機器人CCR炒幣軟件原理介紹
452	財經	三百溫商共同發起，為溫州企業家量身打造 「慧商大學」正式掛牌
453	財經	額度這麼低，信用卡怎麼提到10萬呢
454	財經	股票增發和股票回購是正好相反的兩種操作嗎？
455	財經	05月06日潛江天氣預報
456	財經	李謹詺：週一該如何佈局，5.7黃金不破1318短期震蕩下行為主
457	財經	都說80年下海、90年炒股、00年炒房、10年炒比特幣，那麼現在該乾些什麼？
458	財經	建築工程中同一項目，母公司投標，子公司能否投標？
459	財經	大智慧燒14億給李大霄羅傑斯做直播，結果虧17億要退市了，這是誰的鍋？
460	財經	碧生源(00926)預計2018年上半年收入大幅下降 預虧2000萬-3000萬元
461	財經	合陽縣未來有什麼發展？
462	財經	方法論｜大小盤基金組合再探：中美兩國股市的組合變通比較
463	財經	芝麻信用是怎麼計算出來的？
464	財經	最新爆文｜存銀行20萬一年後虧了500，必須看看是怎麼回事……
465	財經	止損真的有必要嗎，止損真的有用嗎，只有1種情況才需要止損！
466	財經	巴菲特股東大會上的珠寶店、傢具店、牛排館和乒乓球賽
467	財經	錢程：如何認識K線反轉形態並成功抓頂抄底
468	財經	妖股第二次砸盤，歡樂海岸還會來反包嗎？
469	財經	華峰股份：3月內不再籌劃除購買華創股權之外重大事項
470	財經	分紅後要除權，股價相應下降，股東也沒多賺到錢，意義是什麼？
471	財經	期貨交易到底難在哪裡？
472	財經	紙質水瓶面世了，塑料瓶子在飲料包裝市場的命運將如何？
473	財經	零售企業開發自有品牌的三大痛點
474	財經	一個創業成功的項目，是這樣做的
475	財經	如何應對加密貨幣的崩潰？
476	財經	中金e配股票配資是實盤操作嗎？
477	財經	分紅險、萬能險、投連險有什麼區別？
478	財經	為何有的人信用卡能做到快速提額？因為是這個原因
479	財經	18年大蒜的市場行情怎麼樣，價格有沒有可能提高？
480	財經	關於均線系統，有什麼獨特的、有效的見解跟設置用法嗎？
481	財經	股票增發和股票回購是正好相反的兩種操作嗎？
482	財經	假設一隻股票開盤誰都不買，那是不是只要在漲停板掛一手買單，就能漲停？
483	財經	如何系統地學習股市？
484	財經	股市究竟應該如何去學？
485	財經	「國六」即將實施，常用的「國三」「國四」會怎樣處理呢？
486	財經	買了太平人壽保險，得了病花了20萬，保險公司說沒有動大手術拒賠怎麼辦？
487	財經	6月30號後取消第三方支付直接扣賬，支付寶還能直接用於支付嗎？
488	財經	存100萬賺利息，就可以不上班了嗎？想得太美
489	財經	一個故事看懂金融危機時錢都去哪裡了？
490	財經	如果把500萬人民幣存進銀行，光靠利息能過上什麼樣的日子？
491	財經	如何判斷一個人是聰明還是笨？
492	財經	十五萬存銀行 每年多少錢 算一下！
493	財經	行長很著急：浦發銀行成唯一利潤負增長銀行，造假竟造出零不良率
494	財經	房企和炒房客「復盤無望」降價拋售將加快「房價下跌」
495	財經	社保不想續交了，已經交的錢能不能退？
496	財經	「早參」姚振華勝利大逃亡
497	財經	揭密1990年日本大股災房、地產泡沫真面目
498	財經	騙子不夠多，傻子永遠都夠用
499	財經	為什麼很多在工廠上班的人，甘願每月拿著幾千元的固定工資？
500	財經	如果美國將國債一次性還清，會發生什麼事！
501	財經	銀行卡沒有錢，如果一直不用，每年都扣年費等等費用，十年二十年後，銀行會主動來要費用嗎？
502	財經	得寸進尺！沙特石油還漲！中國霸氣拒買，沙特怕了：我是被逼的！
503	財經	原料上漲疊加需求轉旺 紙價開啓新一輪上漲
504	財經	產業上下游面對面 服裝定制商走訪柯橋本土面料企業
505	財經	「不差錢」的上市公司卻偏愛理財 這說明瞭什麼問題？
506	財經	在騰訊和阿里剛上市時分別購買100股它們的股票，現在將獲利多少倍？
507	財經	企業家之殤 上市公司董事長選擇自殺真相！
508	財經	準備職業炒股該從哪裡入手？
509	財經	中國芯片第一龍頭，橫盤2年底部現金叉，5月或超京東方A
510	財經	重大利好：通策醫療突發重磅信號，下周抄底最佳時機出現！
511	財經	合伙開店如何轉讓股份？
512	財經	PPP模式聚焦旅遊重點領域 社會資本需有更高要求
513	財經	在加拿大生活，消費如何？
514	財經	出欄一頭豬虧損300元，究竟誰能笑到最後！
515	財經	招行、工行、農行、建行和中行五行的信用卡哪個最好用？
516	財經	銀行卡沒有錢，如果一直不用，每年都扣年費等等費用，十年二十年後，銀行會主動來要費用嗎？
517	財經	巴菲特股東大會：關於中國，巴菲特、芒格說了這些
518	財經	這真的是一場屠殺，剛剛這個國家崩盤了
519	財經	為什麼是羅森便利店佔領了上海的市場，而不是711？
520	財經	九年首次！伯克希爾一季度虧損，巴菲特卻靠蘋果派息大賺一筆！
521	財經	讓青春與奮鬥同行——海南創業創新青年掠影
522	財經	我在現場：與巴菲特一起尋找下一片投資的熱土
523	財經	辦信用卡多久可以換工作單位？
524	財經	小牛之後，EOS會不會倒下？
525	財經	本金120萬，融資60萬，總資金180萬，專職炒股怎麼樣？
526	財經	保險的起源與大航海時代
527	財經	如何快速捕捉翻倍牛股，有沒有什麼技巧？
528	財經	合伙開店如何轉讓股份？
529	財經	10個信用卡逾期46萬，但每月多多少少都在還，會被報警抓嗎？
530	財經	蘋果或率先破萬億美元？蘋果打響反擊戰 五天暴漲600億美元
531	財經	黑龍江最富有的三大家族，首富是陝西人，排名第三的他是黑龍江人
532	財經	市場比較認可兩本理論，《波浪理論》《纏中說纏》大家對這兩本理論有什麼深入的見解？
533	財經	深圳證監局「揮刀」私募新三板 重拳出擊違法違規
534	財經	怎麼升級餘額寶？
535	財經	第五人格哪個監管者好？
536	財經	信用卡如何把臨時額度提升到永久額度？
537	財經	如何5分鐘獲取3W元以上額度的信用卡技巧？
538	財經	做中國巴菲特系列之 漲停板環境研究（私募內幕）
539	財經	A股納入MSCI倒計時 利好四大板塊
540	財經	一斤兩塊五的青菜人都買的吃，為什麼兩塊五的股票沒人買呢？
541	財經	剛剛！馬雲正式宣佈開放餘額寶！4.7億人喜極而泣！
542	財經	碧生源(00926)擬溢價9.89%發行2.93億股予Aurum Credo募資1.46億港元
543	財經	2018千人小程序峰會
544	財經	假如你的資產超過1000萬，還需要出來工作或者上班嗎？怎麼安排比較好？
545	財經	農業銀行日照嵐山支行舉辦青年演講比賽
546	財經	無抵押貸款都有哪些途徑？
547	財經	沒有雄厚資金的創業者，如何最大程度提高成功創業幾率？
548	財經	驚恐「套路貸」是如何毀掉一個人的？
549	財經	「老乾媽」陶華碧恪守「堅決不上市」，你怎麼看？
550	財經	辦理下來的工商銀行信用卡剛額度有多少？
551	財經	怎麼來尋找和選擇合適的投資商？
552	財經	如何對大腦進行投資該投資什麼？
553	財經	這篇關於馬雲的文章，受益匪淺，我都看了很多遍了
554	財經	雪迪龍這家公司的股價為什麼一直走低？
555	財經	玉米價格還會繼續回落嗎？
556	財經	鄭眼看盤：醫藥券商白酒為何脈衝式上漲？
557	財經	「國六」即將實施，常用的「國三」「國四」會怎樣處理呢？
558	財經	雲聯惠為什麼會進博鰲論壇？
559	財經	2018年全國GDP增速排名說明瞭什麼？您怎麼看？
560	財經	這麼多公鏈崛起，到底誰能走到最後？
561	財經	我與一帶一路沿線國家進口增速超出口
562	財經	上市近3月消失1900億！股價瘋狂下跌至41.8%！8萬小散都傻眼了！
563	財經	面對危機餐飲行業該如何發展？
564	財經	被冷落後應該怎樣調整自己的心態？
565	財經	負債累累，如何創業？
566	財經	人民幣國際化：為「一帶一路」保駕護航
567	財經	信用卡是這個月花下個月還，還沒有手續費，那銀行開信用卡業務是靠什麼賺錢呢？
568	財經	快三十歲了找不到工作，也沒資金創業，該何去何從？
569	財經	廣東琶洲展，廣交會陽江企業成交2.37億美元
570	財經	一家信用卡逾期五個月，他行信用卡會封卡降額嗎？
571	財經	創業你沒錢？不創業你更沒錢！2018那些你不知道的商機
572	財經	A股為何不實行T+0交易制度？
573	財經	唯獨一家不用明星代言的手機，就連股神巴菲特都力挺！
574	財經	炒股天才的肺腑獨白，股票書上無法學到的精髓，練到極致就是絕活
575	財經	那些可以一把梭的股票 都有啥特徵
576	財經	莊家出貨不是在高位出貨的嗎，為什麼要砸盤到跌停出貨呢？
577	財經	飛機票退改簽手續費誰說了算？是否屬於霸王條款？
578	財經	美國國債也是借新錢還舊錢，是不是龐氏騙局？
579	財經	為什麼有錢人理財能10倍100倍增長，而我們理財原地踏步10年不動呢？
580	財經	巴菲特說股票交易是一個簡單理念的堅持，你是怎麼看的？
581	財經	2018.5.7經濟解讀
582	財經	當你所做的一切都因為「錢」而止住時，身無分文，該如何解決眼前的困境？
583	財經	為什麼很多人炒股同時用很多台電腦？
584	財經	有哪些不被看好的行業正在崛起？
585	財經	有人說買房貸款越多越好、還款時間越久越好，真的是這樣嗎？
586	財經	莊家在買二買三掛大買單托單是想幹什麼？
587	財經	一批重磅新規今天正式實施
588	財經	廣州紅酒進口報關報檢
589	財經	在股票市場當中，如何建立完整的趨勢交易系統？
590	財經	輕型客車增幅最大！宇通前4月銷售各類客車1.3萬輛
591	財經	賣氣味竟賣出3個億！她靠8萬塊創業成功，張藝謀、奔馳、杜蕾斯都是客戶
592	財經	為什麼A股投資者越保護越虧？
593	財經	有什麼項目可以投資，但不用自己盯著？
594	財經	二銨出口外高內低 後市或可期？
595	財經	下周大盤可能暴跌1000點
596	財經	晚清的GDP世界第一，是日本的5倍，為什麼還打不贏日本？
597	財經	國際油價降至兩周最低，下一輪油價調整會下跌嗎？
598	財經	餘額寶升級後，有兩只新的貨幣基金，分別是博時基金和中歐基金管理，對用戶有什麼風險嗎？
599	財經	罰款逾1.8億！銀保監會開出首批銀行大罰單，招行、興業、浦發中招
600	科技	蘋果公司現金流近三千億美元，會有收購阿里巴巴的可能性嗎？
601	科技	15 分鐘參透比特幣和區塊鏈
602	科技	微信支付是否已遠遠超過支付寶？
603	科技	如果騰訊不再免費，QQ和微信月租50元，中國還會有多少人繼續用？
604	科技	如果所有銀行不讓支付寶綁定銀行卡了，支付寶會怎樣？
605	科技	馬化騰回應騰訊沒有夢想，他回應說的話符合他一直做的嗎？
606	科技	京東市值3個月蒸發1200億，為何屢遭機構唱空？
607	科技	未來取代app通信的方向在哪裡？
608	科技	阿里巴巴準備擴張東南亞市場
609	科技	Fullestop調研VR技術在不同行業都存在影響力
610	科技	網友數博會：大數據與實體經濟融合發展，貴州煥發新動力
611	科技	手機天氣軟件哪個最好？
612	科技	淨網2018，打擊網絡黑色產業鏈
613	科技	你如何看待央視盛贊支付寶？
614	科技	玉米在播種前，需要二次包衣嗎，為什麼呢？
615	科技	偶爾玩遊戲，小米mix2續航怎麼樣？
616	科技	北京西二旗月薪5萬的程序員真實生活狀態什麼樣子的？
617	科技	深圳地鐵「掃碼過閘」下週二正式上線
618	科技	哪些行為在產品開發中是耍流氓？
619	科技	聯想被踢出恆生指數，是什麼導致了聯想現在的這種境地？
620	科技	在互聯網創業需要什麼？
621	科技	標題黨真心嚴重，把騰訊坑壞了！
622	科技	高通驍龍845和835相比，性能有哪些提升？
623	科技	百度和谷歌的差距在哪裡？
624	科技	三進制計算機可以實現嗎？
625	科技	國內投資3000億用來做芯片，夠了麼？能不能打敗高通和英特爾？
626	科技	這個電腦配置值多少錢？
627	科技	美團眾包以後會消失嗎？
628	科技	新零售背景下，電商平台會發生什麼變化？
629	科技	微信打不開了怎麼辦？
630	科技	騰訊發佈「00後畫像報告」 顛覆我們對這一代的認知
631	科技	持股比例僅次於雷軍，如何評價小米二號人物林斌？
632	科技	玉米種子在播前，需要二次包衣嗎？不需要或需要，又因為什麼呢？
633	科技	淘寶購物大家能接受48小時後發貨嗎？
634	科技	電腦掛機軟件是真的嗎？
635	科技	索尼哪一款手機最好用？
636	科技	力哥爆料：如果有時光穿梭機，你最想見誰？馬雲想見的是他們
637	科技	如果所有銀行不讓支付寶綁定銀行卡了，支付寶會怎樣？
638	科技	2018-05-06 區塊鏈中，代碼即是法律？
639	科技	鄰居上門問wifi密碼，怎麼有技術又不傷感情地拒絕？
640	科技	現在最便宜的64G內存手機是1299元，未來10年，64G內存的手機能便宜到多少錢？
641	科技	未來有一半工作被取代，文科生最吃香！李開復給父母們的3個建議
642	科技	小米所有的產品，有哪一種的核心技術是小米自己研發的？
643	科技	為了微信支付安全，請打開微信錢包這個功能吧
644	科技	小米上市後市值若超過百度，會帶來哪些影響？
645	科技	我想買探界者，探界者和昂科威一樣的軸嗎？
646	科技	馬雲放大招，網商銀行轉賬全免費，馬化騰騰訊微眾銀行如何應對
647	科技	支付寶又有重榜好消息，4.5億用戶終於迎來了春天
648	科技	假如有個好產品，如何找一個好的營銷團隊？
649	科技	為什麼台積電一個代工企業利潤率在中國只輸工行，還比蘋果高呢？
650	科技	有哪些好用的護髮產品？
651	科技	中科院發佈一好消息，首款雲端人工智能芯片問世，打破世界紀錄
652	科技	小米在港上市之後，雷軍身價有多高？
653	科技	海爾總裁周雲傑：中國智慧物流品牌日為世界貢獻中國智慧
654	科技	企業管理軟件系統哪個好？
655	科技	手機電量顯示100%，突然自動關機顯示沒電了，是什麼原因？
656	科技	朱嘯虎姚勁波……互聯網大佬紛紛表態《騰訊沒有夢想》
657	科技	一夜之間，芝麻分更新，7億支付寶用戶沸騰，你芝麻分漲了多少？
658	科技	碼商的福音！1688把貨源搬進支付寶二維碼 進貨收錢一「碼」事
659	科技	傳小米阿里舜宇等八家公司列首批CDR名單
660	科技	如何查找靜電？
661	科技	區塊鏈極簡史2：比特幣的轉賬機制 CCR炒幣機器人
662	科技	工信部：我國將加快制定服裝大規模定制相關標準
663	科技	自動駕駛、醫療、能源……一季度融資最多的人工智能公司
664	科技	幾乎每一個銀行工作人員都勸說顧客，不要把錢存入餘額寶，對此你怎麼看？
665	科技	用微信做淘寶客怎麼樣才能精准吸粉？
666	科技	雷軍當年提出飛豬理論的時候，一定沒想過會這樣害人不淺！
667	科技	黑科技領路人！三星S10再曝：100%真全面屏穩了！
668	科技	經濟學家吳敬璉為什麼反對「不惜代價發展芯片產業」？
669	科技	小米會佈局除cpu以外更多的芯片嗎？
670	科技	惡搞漫畫：金融危機對生活的影響
671	科技	查理芒格談人工智能：炒作過多 還不能大規模取代人類
672	科技	幾乎每一個銀行工作人員都勸說顧客，不要把錢存入餘額寶，對此你怎麼看？
673	科技	科普：使用微信付錢，這兩個安全功能一定要打開，不然後悔！
674	科技	阿里旗下支付寶有夢想有情懷，碼商成長計劃承諾助力小微企業成長
675	科技	阿里雲在全球處於一個什麼地位？
676	科技	能進阿里巴巴集團做管理層領導的人，出來創業成功率能達百分之八十嗎？
677	科技	除了華為、阿里巴巴以外，你還知道哪些稱霸世界的中國高新企業？
678	科技	騰訊沒有夢想
679	科技	OTT只能賣開機？酷開網絡用活動讓廣告「玩」起來
680	科技	高度發達的外星人有復活死人的科技嗎？
681	科技	小程序逐漸成為人們生活一部分，微信生態規則與流量玩法 資源
682	科技	《2018年春季深圳人才供需與流動報告》發佈，平均42人競爭一個職位！
683	科技	店鋪開了快兩個月了，換類目後每天一兩個訪客不知道怎麼辦？
684	科技	2018.5.6幣值排名前20 總市值突破30000億
685	科技	如何做到更好的設計、更高的質量、更低的價格、更多的收益？
686	科技	新買的電腦只有一個C盤，如何增加分區？
687	科技	芝麻信用分又更新了 馬雲：給600分以上福利！你芝麻分夠嗎？
688	科技	是充電一夜對手機損害大還是電量沒用完就充電損害大？
689	科技	支付寶-好醫保VS微信-微醫保
690	科技	誰有好的微信頭像可以分享？
691	科技	有哪些我們很少關注的國家，卻有著全球前列的科技產品？
692	科技	在淘寶上面做分銷商，怎麼發貨？
693	科技	「國民技術」的產品都應用在什麼地方？
694	科技	微信小程序開發需要用到哪些？
695	科技	小米7未到！這兩款小米手機目前性價比最高，米粉：可惜買不到
696	科技	5月5日她味紅糖亮相京東眾籌首頁
697	科技	有什麼高逼格的微信名字？
698	科技	怎樣做一個類似拼多多的團購+分銷的APP？
699	科技	零基礎學開亞馬遜之一賣家後台首頁講解
700	科技	1699的魅族m15和1268的魅族pro7標準版該選哪個？
701	科技	蘋果6 10.5系統有必要升級到最新11的系統嗎？
702	科技	爆發的微信小程序，電商的又一春？
703	科技	PS利用濾鏡製作立體文字
704	科技	微信滴滴不能用了怎麼辦？
705	科技	估值近千億美元！小米憑啥值這麼多錢？真相了
706	科技	國產手機那麼好，為什麼還會有這麼多人用蘋果手機？
707	科技	1699的魅族m15和1268的魅族pro7標準版該選哪個？
708	科技	為什麼大學的程序設計老師不去外面公司做程序員？
709	科技	蘋果，ipad玩絕地求生怎麼錄制精彩視頻？
710	科技	如何上傳圖片被百度收錄？
711	科技	老闆讓我找視頻會議系統，有什麼好的品牌軟件推薦？
712	科技	不玩AI套路 360手機N7詮釋智能本質
713	科技	小米max2和紅米5p，哪個好一點？
714	科技	為什麼在我們的觀念里，外星人的科技一定會強過人類？
715	科技	一加6手機需要搶嗎？一加的系統和小米比怎麼樣？
716	科技	怎麼看待有人冒充馬化騰回應《騰訊沒有夢想》一文？
717	科技	小白如何提高蘋果手機拍攝的技巧？
718	科技	智慧農業大棚監控系統能實現哪些功能？
719	科技	小米雷軍和格力董明珠賭約到期：全國人民作證的十億賭注算數嗎？
720	科技	現在很多人做淘寶優惠券，如何盈利的？
721	科技	營收是阿里的兩倍，市值等於三個沃爾瑪，利潤卻只有阿里三分之一
722	科技	馬化騰為什麼不把南非的股份收回來？
723	科技	一夜之間，馬雲放大招，芝麻分700，網商貸可借百萬
724	科技	美國人抱怨：「為什麼美國沒有普及手機支付？瞧瞧人家中國！」
725	科技	10萬創業？
726	科技	馬化騰都站台小程序，你覺得沒機會，騰訊連接一切的野心就擺那裡
727	科技	成功人士用華為，窮人用蘋果，屌絲用小米，事實果真如此嗎？
728	科技	為什麼中國不能像美國針對華為手機一樣也針對美國蘋果手機禁售？
729	科技	潛伏如果陸橋山不死，會幫助余則成當上站長嗎？
730	科技	小米要上市了，有十萬塊錢怎麼能買到小米的股票？
731	科技	馬化騰回應《騰訊沒有夢想》：我的理想不是賺多少錢，是做出最好的產品
732	科技	騰訊市值超過阿里，但為什麼在各種場合上，總是感覺阿里格局更高？
733	科技	中國人一年不買蘋果手機，蘋果會破產嗎？
734	科技	你願意把十萬元人民幣存入支付寶，還是存入微信錢包？
735	科技	中國有沒有能力自主研發高端芯片？
736	科技	有什麼好的餐飲開業的營銷方案？
737	科技	預算3000元，什麼牌子的平板電視比較好？
738	科技	GoogleI/O2018還有兩天就要來臨，我們期待著什麼？
739	科技	手機行業總體疲軟的態勢下，蘋果為什麼實現了逆勢增長？
740	科技	2018互聯網創業可行嗎？
741	科技	支付寶里可以直接查銀行卡餘額了！
742	科技	國內程序員那麼多，為什麼不開發一個屬於自己的編程語言？
743	科技	Minecraft1.1.2版本中如何讓實體方塊能穿透（玩家能穿過）？
744	科技	如何看待微信小遊戲的爆紅，是真機遇還是偽風口？
745	科技	誰有好的微信頭像可以分享？
746	科技	3000到5000的手機，有什麼好的推薦？
747	科技	區塊鏈人才緊缺，全球頂尖高校紛紛開課 中國八家高校搭上專車！
748	科技	馬雲告誡以色列大學生：別介意出身，重要的是你做什麼
749	科技	做算法工程師是什麼樣的體驗？
750	科技	紅信APP真的可以領紅包？
751	科技	現在手機網絡發展是不是過快了？
752	科技	如果安卓也像ios一樣，不理智消費，可以申請退款，中國會有多少家公司要倒閉？
753	科技	GPP排他性協議引發巨大爭議，Nvidia該怎麼收場？
754	科技	小米7支持5G嗎？
755	科技	被拍拍貸追債什麼感覺？
756	科技	想從事UI設計，該怎樣入手呢？
757	科技	軸承安裝方法有哪些？
758	科技	如果騰訊、阿里開始做農資了，你覺得會怎麼做？
759	科技	馬化騰說騰訊沒有夢想，你還見過哪些牛人說過牛逼的話？
760	科技	中國移動5G聯合創新中心天津開放實驗室掛牌
761	科技	聯通最便宜的全國不限流量套餐，今天真來了！
762	科技	2.5平的電線可以承受多少電器？
763	科技	現代化牛場都要什麼設備？
764	科技	什麼叫做深度學習框架，其作用是什麼？
765	科技	人類會不會進化到遺傳記憶？
766	科技	紅米note5待機一晚耗電10%正常嗎？
767	科技	每天數字貨幣要聞（2018-5-6）
768	科技	如何評價文章《騰訊沒有夢想》，騰訊是否真的在喪失產品能力變成投資公司？
769	科技	重新定義「智能汽車」，MARVEL X能成為榮威的「史冊傳奇」嗎？
770	科技	聯通10010人工服務老是打不通是什麼原因？
771	科技	刺激戰場既然這麼火，為什麼要投放機器人？
772	科技	為什麼有人說前置指紋優於後置指紋？
773	科技	騰訊沒有夢想引發轟動，馬化騰劉熾平親自回應！你贊同誰的說法
774	科技	低調上架，小米新機4G+64G售1099，不用搶你會不會買？
775	科技	華為手機越來越卡？趕緊開啓這2個開關，用1輩子也不會卡！
776	科技	性別仿真機器人出現，我們還需要異性嗎？
777	科技	章澤天告訴我們：要想嫁得好，首先你得好！
778	科技	iPhone X Plus真機現身：三攝對標華為 售價超一萬 蘋果真怕了？
779	科技	華為手機音量小，一定要按這個按鈕！趕快試試吧
780	科技	網易——馬化騰也打不死的小強，掃地僧般的存在
781	科技	去非洲工作一年的人回來會有什麼變化，年薪十多萬值得嗎？
782	科技	羅永浩13點親自確認，5月15日，他要發佈2款革命性產品
783	科技	魅族手機這個功能就值300塊，剛買手機就要學會，否則手機白買了
784	科技	日本向中國提供半導體技術，是幫助中國對抗「科技戰」還是其他？
785	科技	經常更換微信頭像的人是怎樣的一種心理？
786	科技	FF 91抵達北京，為國產做準備，賈躍亭要歸來了？
787	科技	華為手機關掉這幾個開關，縮減手機耗電量，提高待機時間
788	科技	iphone6plus還能用幾年？
789	科技	寒武紀發佈新一代AI芯片採用7納米 華為麒麟980將整入寒武紀IP
790	科技	電視外接有源音箱有電流噪音怎麼解決？
791	科技	網上的借貸可以用嗎？
792	科技	從20%暴跌到0.8%僅用五年，三星手機為何會在中國遇雪崩式潰敗？
793	科技	創新思考產生創意直至實現產品
794	科技	雷軍向李嘉誠展示重磅新機 問了這個問題
795	科技	小米上市後市值若超過百度，會帶來哪些影響？
796	科技	任何指望技術來解決社會公正、公平的設想，都是幻想
797	科技	怎樣把自媒體玩得有質量？
798	科技	能視頻通話，能人臉識別，能語音拍照的8英吋智能音箱
799	科技	自媒體大咖是如何利用自媒體賺錢的？
800	科技	國內各類大中型公司正版電腦軟件使用率有多高？
801	科技	跟萬達學管理，怎樣保質保量甚至提前完成計劃目標？
802	科技	1699的魅族m15和1268的魅族pro7標準版該選哪個？
803	科技	什麼軟件應用能下載各種vip視頻電影？
804	科技	哪個牌子的pos機比較好用？
805	科技	朋友圈里的各種信息怎麼刪除？
806	科技	馬化騰：從寫第一行代碼開始，我的理想都是如何做出最好的產品
807	科技	從20%暴跌到0.8%僅用五年，三星手機為何會在中國遇雪崩式潰敗？
808	科技	虛擬貨幣-從EOS主網上線，巴菲特不看好虛擬貨幣解讀虛擬貨幣
809	科技	2018年款iPad怎麼樣？用過的人還會選擇安卓嗎？
810	科技	持股比例僅次於雷軍，如何評價小米二號人物林斌？
811	科技	店鋪分銷模式，分銷寶智能化採集讓你出單變得簡單
812	科技	如果所有銀行不讓支付寶綁定銀行卡了，支付寶會怎樣？
813	科技	一個人說他喜歡你，心裡有你，可是從來沒打過電話，只是微信聊天，他是真心的嗎？
814	科技	螞蟻花唄是否屬於小額貸款，會影響個人徵信嗎？
815	科技	有什麼辦法可以下載酷狗裡面的收費歌曲呢？
816	科技	把支付寶里的收款碼發給別人安全嗎？
817	科技	關於《騰訊沒有夢想》
818	科技	這一年，阿里巴巴要怎麼打破「詛咒」，實現馬雲的新零售大夢
819	科技	如果所有銀行不讓支付寶綁定銀行卡了，支付寶會怎樣？
820	科技	2200榮耀V10與2599榮耀10應該怎麼選？
821	科技	下班後，有什麼可以在網上做的兼職？
822	科技	手機挖礦app，數字幣AIC、SKU
823	科技	Instagram上線支付功能可在APP內直接購物，為什麼社交軟件巨頭紛紛佈局電商？
824	科技	從20%暴跌到0.8%僅用五年，三星手機為何會在中國遇雪崩式潰敗？
825	科技	阿里巴巴最大股東是日本銀軟嗎？
826	科技	華為若被美國禁了芯片和系統，影響大嗎？
827	科技	如果安卓系統手機沒有流氓軟件，安全性提高，國產機的份額是不是還會上升？
828	科技	迷你世界移動牆怎麼做？
829	科技	電信的業務都有什麼坑？
830	科技	太狠了！已有城市執行！有借唄、白條記錄全都不能貸款
831	科技	幾乎每一個銀行工作人員都勸說顧客，不要把錢存入餘額寶，對此你怎麼看？
832	科技	中國為什麼不鼓勵混合動力汽車？
833	科技	以後會有可能用無人機代替現在民航機嗎？
834	科技	馬雲：阿里不願招北大清華畢業生，他們應該到中小企業
835	科技	網易商丘誠尋合作夥伴 期待與您合作共贏！
836	科技	拉卡拉、瑞和寶、隨行付、立刷，大家推薦哪一款？
837	科技	逼死實體店的電商，反過來大量開實體店是為啥？
838	科技	為什麼芯片那麼難製造？
839	科技	就品質和質量而言，是小米好，還是OV好？
840	科技	為什麼說「不惜一切代價發展芯片產業」是危險的？
841	科技	為什麼在淘寶貨源里有的可以分銷有的不可以？
842	科技	如果百度的人工智能失敗了，那麼百度將何去何從？
843	科技	如何看待阿里釘釘CEO的言論：不知道你們10點之前下班乾嘛，不到1點不合格？
844	科技	有什麼高逼格的微信名字？
845	科技	經常收到銀行的辦信用卡的信息，說是白金優質用戶，是真的嗎？
846	科技	SSG甜蜜購：區塊鏈+電商 新零售2.0時代楊帆起航
847	科技	微信支付是否已遠遠超過支付寶？
848	科技	離開高通小米將會怎樣？
849	科技	大多APP在評論區都不支持圖片格式的評論內容，是不夠剛需還是過於低頻？
850	科技	你如何看待個人信息嚴重洩露的問題，這就是所謂的大數據嗎？
851	科技	大家怎樣看「悅花越有」支付？
852	科技	目前分析哲學的前沿研究內容是什麼？
853	科技	馬雲為什麼不收清華大學生，他的回答讓每個企業家深思
854	科技	這才是消費者想要的「共享」
855	科技	穩定的實力，靈活的規劃，在新興虛擬貨幣中獨邁阿幣別具一格
856	科技	騰訊的老闆馬化騰憑什麼獲得「全球最偉大領袖」的稱號？
857	科技	HTC的手機質量怎麼樣，用的人多不？
858	科技	為什麼中國不能像美國針對華為手機一樣也針對美國蘋果手機禁售？
859	科技	農特產品怎麼運用抖音營銷？
860	科技	攜程創始人梁建章呼籲女兒隨媽媽姓，淡化男性傳宗接代觀念。對此你怎麼看？
861	科技	100年前的世界是如何影響我們今天的生活的？
862	科技	馬雲：阿里並不願意招清華北大畢業生，他們應該到中小企業去
863	科技	除了華為、阿里巴巴以外，你還知道哪些稱霸世界的中國高新企業？
864	科技	當科技遇上歷史，將會產生怎樣的化學反應？
865	科技	世界首富告訴我們，這麼做就對了——千萬別留遺憾！
866	科技	怎樣使用微信收付款？
867	科技	夢想是弱者的精神支柱，騰訊要這玩意兒乾啥
868	科技	小米百貨模式已形成，雷軍要當雜貨鋪老闆嗎？
869	科技	獨角獸的標準
870	科技	騰訊市值超過阿里，但為什麼在各種場合上，總是感覺阿里格局更高？
871	科技	建一個微信小程序商城需要多少錢？
872	科技	微信刪除並拉黑了對方，我現在再把他添加回通訊錄，對方會不會有提示？
873	科技	現在iPhone X銷量如何？
874	科技	我這個老電腦怎麼才能玩《吃雞》？
875	科技	當前的大環境下，想學一門編程語言，該學什麼編程語言呢？
876	科技	一個騰訊QQ號到底能加多少好友呢？
877	科技	這個電腦配置值多少錢？
878	科技	你是支持網約車還是支持出租車？
879	科技	pos機流量卡怎樣充值續費？
880	科技	日本的芯片技術在世界上是什麼水平？
881	科技	高傭聯盟和淘寶聯盟有什麼區別？
882	科技	如果蘋果放棄IOS採用安卓將會怎樣？
883	科技	國內程序員那麼多，為什麼不開發一個屬於自己的編程語言？
884	科技	雀巢和星巴克？
885	科技	華為手機銷量上漲，余承東：即使沒有美國市場，也要做世界第一！
886	科技	《唐人街探案2》中，女黑客在監獄里組裝電腦，在現實中可行嗎？
887	科技	誰有好的微信頭像可以分享？
888	科技	央行發佈新規定限制移動支付，將影響每個人，支付平台壞消息來了
889	科技	安卓版本越高有什麼好處？
890	科技	為什麼自己做的有些交互，總是不盡如人意？
891	科技	哪些視頻軟件的錄制效果好？
892	科技	現在最便宜的64G內存手機是1299元，未來10年，64G內存的手機能便宜到多少錢？
893	科技	歐洲5G已經啓動，德國電信的5G天線已經啓用；華為明年發佈5G手機
894	科技	你選過小眾手機品牌嗎，後悔嗎？
895	科技	二手手機號遭遇解綁難題
896	科技	區塊鏈帶來顛覆性革命，大洋鏈Oeanc帶來顛覆性認識
897	科技	京東天貓淘寶拼多多最簡單最有效的刷單技巧
898	科技	聯想被踢出恆生指數，是什麼導致了聯想現在的這種境地？
899	科技	突然！騰訊王卡拉黑阿里！
900	旅遊	平邑：大麥灘的櫻桃熟了
901	旅遊	越看越親切的越南，不得不說的中西文化交融之地
902	旅遊	烏魯木齊開展「民族團結一家親」主題活動
903	旅遊	焊不鏽鋼，鋁，銅，用那種焊槍最好？
904	旅遊	渾江區有這樣一個地方，每到六、七月份竟能美成這樣……
905	旅遊	世界第一偉人是誰？
906	旅遊	四川遊客張某帶著六名女子在三亞沙灘燒烤被撒沙，這事你怎麼看？
907	旅遊	新買的iPhone7自帶的地圖裡面為什麼會有莫名其妙的導航記錄？
908	旅遊	中國堪比比薩斜塔的塔，門票不到一百！週末就去這裡了
909	旅遊	日本最環保的小鎮：15年來零垃圾，一群老人靠撿樹葉年入千萬
910	旅遊	他單人單騎川藏80天：到達尼泊爾 回家後媽媽都認不出他了
911	旅遊	廣東今年將打造11條南粵古驛道重點線路，初夏郊遊走起~
912	旅遊	我和狗狗一起參加了登山比賽，我們完成了比賽，我們勝利了
913	旅遊	馬略卡島騎行的旅客指南—下
914	旅遊	坐著火車去拉薩，原來是這樣的體驗……
915	旅遊	湘西那邊到底有沒有蠱？
916	旅遊	成都首座高空玻璃棧道五一開放，在哪？
917	旅遊	洋眼看江蘇活動走進大豐
918	旅遊	在日本免稅店被坑，買的東西要怎麼退貨？
919	旅遊	四川遊客張某帶著六名女子在三亞沙灘燒烤被撒沙，這事你怎麼看？
920	旅遊	咸陽和西安哪個城市的歷史更悠久？
921	旅遊	大學畢業間隔年環遊中國，做有意義的事情
922	旅遊	看過了那些大山大水，初見陽朔竟是這般感受
923	旅遊	情報站｜在濟南飲一碗「大碗茶」愜意舒適！
924	旅遊	洛陽和西安比，哪個城市歷史更悠久？
925	旅遊	旅行時和異性拼房是一種怎樣的體驗？
926	旅遊	閬中嘉陵江兩岸原生態自然風光，一個讓人來了就不想離開的地方！
927	旅遊	重慶遊玩有哪些旅遊攻略？
928	旅遊	農村很多算卦的據說很准，你怎麼看？
929	旅遊	海口塔昌村：打造原生態農宿 探索農業觀光新業態
930	旅遊	說桂林山水甲天下的人都是因為沒有到過貴州，不信你看
931	旅遊	旅行時和異性拼房是一種怎樣的體驗？
932	旅遊	騎車旅行到達大連晚上在海邊別墅紮營
933	旅遊	外媒稱海南將成中國對外開放新窗口：繁榮或超香港
934	旅遊	尼斯湖不僅有傳說中的水怪，還有美不勝收的自然風景
935	旅遊	雷行記：來陝西旅遊的朋友恭喜你，華山門票降價了！
936	旅遊	九月想自駕去西藏，如果我開車去，朋友坐我的車，費用怎麼算才合理？
937	旅遊	廣西再建城際，不走南寧，卻連接了這兩個窮地方，1300萬人將脫貧了
938	旅遊	中國最變幻莫測的公路：積雪比車高，一會下雨，一會下雪
939	旅遊	泰山酒店都不便宜，20年前都100多，現在的價格你肯定想不到
940	旅遊	日落霞飛蒼山遠，求下句？
941	旅遊	茂陵博物一日游
942	旅遊	旅遊風景電腦壁紙 適合旅遊的自然風景
943	旅遊	亞洲地理位置最好的國家
944	旅遊	四川遊客張某帶著六名女子在三亞沙灘燒烤被撒沙，這事你怎麼看？
945	旅遊	藏南面積有多長多寬？
946	旅遊	微視頻｜一分鐘領略綿竹年畫村」畫景」
947	旅遊	東北雪鄉景色美，網友稱：真是一場鬥智鬥勇的旅行
948	旅遊	勐景來，在拍完「爸爸去哪兒了3」後，如何做到持續吸引全國遊客？
949	旅遊	旅行達人告訴你，旅行不管短途或是長途別忘了帶這些，乾淨還衛生
950	旅遊	一個人去爬山合適嗎？
951	旅遊	發現貴州之美，盡情享受，難以忘懷
952	旅遊	護照有效期不足6個月能去普吉島嗎？
953	旅遊	四川遊客張某帶著六名女子在三亞沙灘燒烤被撒沙，這事你怎麼看？
954	旅遊	重慶彩色馬賽克「梯田」吸引遊人
955	旅遊	五月冰城變花海，看丁香花叢中的哈爾濱
956	旅遊	想帶二老去湖北遊玩，非自駕，預計花費5000，有沒有攻略路線推薦？
957	旅遊	戶外直播跳舞的爽兒為什麼出鏡率那麼高？
958	旅遊	「跟著大V去旅行」來到開灤，走進這座活著的博物館
959	旅遊	探秘最後的香格里拉之魂，縱使錯過全世界，也不願意錯過你
960	旅遊	平遙古城遊記
961	旅遊	去北海道，有什麼推薦新奇的溫泉勝地嗎？
962	旅遊	週末去哪兒？來安徽感受國家級絕美風景道
963	旅遊	遠行吧！來一場想走就走的旅行
964	旅遊	億航在西安的無人飛機秀演砸了，但並不影響繼續它的表演
965	旅遊	登高投身雲海間，早晨撫摸陽光炊煙，蕩漾湖上與湖怪嬉戲
966	旅遊	長汀連城兩日游，走過古城，探訪培田古民居，登頂冠豸山
967	旅遊	尼山聖地孔子湖畔千人徒步 快樂行走欣賞尼山美麗風光
968	旅遊	有哪些日漫中有浪漫的櫻花場景？
969	旅遊	湖北宜昌：最浪漫的相親節在薰衣草花海中舉行！
970	旅遊	泰山遊記——一個人的自駕之旅
971	旅遊	到廣西旅行這幾個神秘秘境，讓人身臨其中，彷彿世界在腳下
972	旅遊	為什麼許多中國人喜好去泰國，而不去三亞？
973	旅遊	五一小長假首日：通道侗寨遊人如織
974	旅遊	靠花47億維持的中國沙漠第一湖，旺季門票不下百元！
975	旅遊	旅行是一種愛好，瞭解新鮮的事物
976	旅遊	珠海國際會展中心斬獲行業大獎 推動珠海市會展旅遊產業加快發展
977	旅遊	貴州省遵義市湄潭縣轄區內旅遊景點簡介
978	旅遊	從北京自駕去新疆怎麼走合適？
979	旅遊	「東方萊茵河」竟然藏在京郊這座又大又美的公園內！關鍵免費玩！
980	旅遊	一輩子就一次的大四畢業，該選擇旅行還是抓緊時間實習？
981	旅遊	為什麼許多中國人喜好去泰國，而不去三亞？
982	旅遊	來文山玩，可以帶什麼特產？
983	旅遊	全國十大重點產茶縣之一「壽寧」
984	旅遊	3個月貢獻392億，中國遊客去日本卻不為旅遊觀光，到底為的什麼？
985	旅遊	全國這8個5A級別的旅遊古城鎮，你去過幾個？
986	旅遊	南寧城市怎麼樣？適合東北人生活嗎？
987	旅遊	這就是西藏！
988	旅遊	除一些必備物品外，旅行時還有哪些省空間少重量又實用的東西？
989	旅遊	貴州六盤水的這幾個景點，錯過一個你都會覺得可惜！
990	旅遊	他們將家豬丟棄在無人島，幾年之後，它們的生活竟是這樣的！
991	旅遊	來四川旅遊必去的八大景點
992	旅遊	千姿百色弄秋光，求對子？
993	旅遊	為什麼要來這裡看映山紅？北京這處抗戰聖地有著悲壯的經歷
994	旅遊	來一場說走就走的旅行，陝西寶雞紅河谷走起
995	旅遊	四川遊客張某帶著六名女子在三亞沙灘燒烤被撒沙，這事你怎麼看？
996	旅遊	農村集市上這些的東西，真的是便宜又好吃，簡直賺大了
997	旅遊	全世界最出名的貓，它數第二，沒人敢數第一了吧
998	旅遊	易縣最美的五月，藍色油菜花開好了
999	旅遊	千人相親大會，單身的有福利來了！
1000	旅遊	在鎮上開一家兒童樂園怎麼樣？
1001	旅遊	為什麼唐山有錢人這麼多？
1002	旅遊	獨愛斐濟的10個理由！讓你徹底徜徉在浩瀚藍色的天堂度假勝地
1003	旅遊	如果你是新手，想騎行西藏318國道，選擇自行車應避免這幾個雷區
1004	旅遊	國內小眾旅遊景點，個人感覺還可以，經濟實惠的窮游
1005	旅遊	會獎旅遊之會議酒店推薦：上海璞麗酒店
1006	旅遊	沒有對比就沒有傷害，我和你走的好像不是一個川藏線
1007	旅遊	寧波的天宮莊園適合去秋遊嗎？
1008	旅遊	如何巧妙地給別人留下良好印象？
1009	旅遊	寶雞石鼓園美景
1010	旅遊	你感覺哪個是天津有代表性的美食？
1011	旅遊	中國四大園林分別在哪？
1012	旅遊	外出旅遊時，吃東西被坑的最慘的一次是怎麼樣的？
1013	旅遊	國內哪一家航空公司的飛機餐最好吃？
1014	旅遊	石家莊夏季有休閒避暑的景區嗎？
1015	旅遊	頭條號得粉絲得未來
1016	旅遊	鳳凰旅遊，如果不體驗這個項目，那真算是白來了
1017	旅遊	胖子遊記-大美甘肅張掖篇（二）
1018	旅遊	西藏一季度接待遊客人次和總收入增長均超四成
1019	旅遊	越南語學習篇之越南語中常用詞語三十二，建築行業詞語翻譯表格
1020	旅遊	福利幾款旅行必備神器，便宜實用顏值高！
1021	旅遊	幽鶴公園，加拿大國家公園中以壯觀著稱的一個，面積不大風景極好
1022	旅遊	貴州畢節的這幾處溶洞，夏天探險的好去處
1023	旅遊	四川遊客張某帶著六名女子在三亞沙灘燒烤被撒沙，這事你怎麼看？
1024	旅遊	唐汪鎮全力提升旅遊產業
1025	旅遊	日落霞飛蒼山遠，求下句？
1026	旅遊	初見傾心，我在東部華僑城度過了美好的一天
1027	旅遊	帶雨傘太麻煩，越來越多女人出門包里放個膠囊片，刮風下雨都不怕
1028	旅遊	美媒報道中國40個最美麗最值得遊覽的景點，這裡有你喜歡的嗎？
1029	旅遊	內蒙古呼倫貝爾大草原好玩嗎？幾月份去好呢？
1030	旅遊	什麼樣的炭燃燒時間最長？
1031	旅遊	四川遊客張某帶著六名女子在三亞沙灘燒烤被撒沙，這事你怎麼看？
1032	旅遊	歐洲莊園有什麼好羨慕的？種些花草就可以攀比了
1033	旅遊	西安的特產在哪可以買到？
1034	旅遊	海南法國維希小鎮：23萬一套起 低密度果嶺度假社區 享受靜懿生活
1035	旅遊	世界第一偉人是誰？
1036	旅遊	陝西這幾個美得驚艷的地方，雄偉奇險 但是去的人很少！
1037	旅遊	雨花微旅行 圭塘河岸
1038	旅遊	因抖音爆紅的六大景區，你去過幾個？網友：越紅越不要去
1039	旅遊	四川遊客張某帶著六名女子在三亞沙灘燒烤被撒沙，這事你怎麼看？
1040	旅遊	塞班軍艦島：一個無數比基尼美女扎堆的海島，搞不好還可以艷遇哦
1041	旅遊	孟津隱藏的這處美景，你來過嗎？趁著週末約起來！
1042	旅遊	妙齡少女過玻璃棧道，路人眼睛都看直了！
1043	旅遊	自駕游西藏無人區加油問題怎麼解決？
1044	旅遊	《雍正王朝》四阿哥胤禛和十三阿哥胤祥，辦差路過江夏鎮為什麼必須下馬步行通過？
1045	旅遊	岳陽市溫暖濕潤，季節性強，熱量豐富，嚴寒期短、無霜期長
1046	旅遊	說動就動，說拍就拍
1047	旅遊	鹽城哪裡最好玩？
1048	旅遊	世界上島嶼最多的湖-杭州千島湖
1049	旅遊	佛山有哪些地方可以游水？
1050	旅遊	廣安十六景 景景皆有情
1051	旅遊	水墨石林——甘肅景泰石林美景
1052	旅遊	貴州哪裡有比較大的服裝批發商鋪？
1053	旅遊	昆明這個地方的藍花楹美得不像樣，一生中一定要這樣欣賞一次
1054	旅遊	2018金秀瑤族自治縣聖堂山杜鵑花旅遊文化節推介會在南寧召開
1055	旅遊	專業探險隊深入洞穴探洞，發現裡面的寶貝可真不少！
1056	旅遊	2018河州牡丹文化月遊客高峰再度來襲
1057	旅遊	世界第一偉人是誰？
1058	旅遊	美國洛杉磯迪士尼樂園Disneyland一日游攻略
1059	旅遊	秋名山車神都虛的！重慶這些公路只有老司機才能駕馭，風景美如畫
1060	旅遊	洛陽當地人最認可的燴面店是哪些？
1061	旅遊	杭州出發2h去這個初夏度假地，樂享田園星空轟趴、負氧離子爆表
1062	旅遊	幾百米之上的玻璃棧道，讓人眼發暈腿打顫，遊客絕壁凌空囧態百出
1063	旅遊	吉隆坡機場回中國的時候，不是在免稅店買的物品可以托運嗎？
1064	旅遊	天上阿里，最精華的都在這個三國交界的邊境縣
1065	旅遊	「倡議書」關於廣大市民推介臨夏牡丹的倡議書
1066	旅遊	長沙免費景點大集合！不花一毛錢就能玩遍大長沙！
1067	旅遊	營口：「五一」期間 鮁魚圈區接待遊客近30萬人次
1068	旅遊	山海萬寧——大洲島
1069	旅遊	情報站｜泰安女遊客一家半夜迷路，熱心護林員護送下山
1070	旅遊	細看不似人間有
1071	旅遊	南寧有哪些有特色的小酒館？
1072	旅遊	咸陽的袁家村到底是一個什麼樣的地方？
1073	旅遊	全媒體記者（大咖）聚焦堯治河 見證中國最美鄉村新發展
1074	旅遊	護照有效期不足6個月能去普吉島嗎？
1075	旅遊	刷完抖音完好想好想去南寧！
1076	旅遊	你去納米比亞花了多少錢？15天左右，人均2W夠嗎？
1077	旅遊	大理的喜洲古鎮有什麼好吃好玩的？
1078	旅遊	中國最熱的地方—新疆吐魯番火焰山
1079	旅遊	中國歷史文化名鎮、廣西四大古鎮之一大圩古鎮走訪記
1080	旅遊	探討：鄉村旅遊的N+1種新玩法，值得借鑒！
1081	旅遊	書上說，地球上大量的雨水蓄滿了火山口，形成海洋。雨水是淡水，海水為什麼是咸的？
1082	旅遊	中國最美大學排行榜，這兩所學校遠超北京大學
1083	旅遊	窮游一定要避開這個國家，出行打不到出租車，不預定連賓館都沒有
1084	旅遊	永城的「紫薇大道」、「櫻花大道」、「月季大道」您知道在哪裡嗎？
1085	旅遊	趁年輕，去美麗的上川島看一看
1086	旅遊	世界第一偉人是誰？
1087	旅遊	刺激戰場：連接兩個最偏僻點的航線，知道它的並不多
1088	旅遊	「評論」推進休閒農業與鄉村旅遊升級！致富多一條路！
1089	旅遊	旅順二〇三櫻花園繽紛花季
1090	旅遊	日本茨城機場附近有什麼能玩的地方麼？
1091	旅遊	去越南旅行，什麼時候去比較合適？
1092	旅遊	秀麗多姿的山川溪水——浦江茜溪，金華人夏天最愛的旅遊風景區
1093	旅遊	中國第一水鄉，周莊
1094	旅遊	東京遊玩8天，如何安排行程？
1095	旅遊	人間四月芳菲盡 深山杜鵑始盛開
1096	旅遊	川藏線旅遊可以選擇商務車嗎？
1097	旅遊	去越南旅行，什麼時候去比較合適？
1098	旅遊	世界第一偉人是誰？
1099	旅遊	一個人坐郵輪旅遊有意思嗎？
1100	旅遊	機票攻略｜說走就走，你還差一張特價機票給你勇氣
1101	旅遊	青島有哪些好玩的地方？
1102	旅遊	金寨桂花公園「月亮」之夜美麗多彩！
1103	旅遊	為什麼許多中國人喜好去泰國，而不去三亞？
1104	旅遊	寧夏銀川影視城好玩嗎？
1105	旅遊	南寧城市怎麼樣？適合東北人生活嗎？
1106	旅遊	第十四屆「多浪·龜茲」文化旅遊節5月12日開幕
1107	旅遊	四川遊客張某帶著六名女子在三亞沙灘燒烤被撒沙，這事你怎麼看？
1108	旅遊	想去哈爾濱鳳凰山旅遊，這個地方怎麼樣？
1109	旅遊	四川遊客張某帶著六名女子在三亞沙灘燒烤被撒沙，這事你怎麼看？
1110	旅遊	上海這家店生意火爆，大家排著長隊只為了吃這道「湖南菜」
1111	旅遊	夏天太熱了，只要有多餘的時間很適合去這幾個地方漂流，景色清幽
1112	旅遊	旅遊｜宜興人為什麼都偏愛古鎮
1113	旅遊	世界第一偉人是誰？
1114	旅遊	越來越多女人出門帶上這些東西，外出旅遊更放心
1115	旅遊	青山綠水依然在，下聯如何對？
1116	旅遊	寶安石岩賣冰鮮海產去哪裡進貨比較合適？
1117	旅遊	全域體育助力全域旅遊 全民健身助推大健康產業
1118	旅遊	浦口火車站的滄桑記憶
1119	旅遊	埃米爾岡公園：各色鬱金香爭相鬥艷，徜徉在花海又是怎樣的感覺？
1120	旅遊	新疆最美的7個地方，你都知道是哪裡嗎
1121	旅遊	國內這座古城投資20億，不收門票卻遊客稀少，當地人都不願意去
1122	旅遊	去長白山玩，有什麼特產值得買？
1123	旅遊	假期里，別樣的旅行！
1124	旅遊	有些愛，我想郵給您！「十年·郵愛」主題活動正式啓動
1125	旅遊	中國遊客到北海道旅遊，「冒死」吃帝王蟹 吃到扶牆而去！
1126	旅遊	走進紅色文化旅遊勝地 領略路集千年古會風情
1127	旅遊	中國唯一的俄羅斯民族鄉，歸屬於內蒙古，卻住著30%俄羅斯族人
1128	旅遊	為什麼廣西北海地少人少，經濟總量卻比南寧高？
1129	旅遊	四川九寨溝，美過童話的山水「九寨歸來不看水」世界自然遺產名錄
1130	旅遊	夢幻西游：讓時光倒流，重回到2005年，看一下那時的夢幻攻略
1131	旅遊	世界上原始生態環境保存較好的自然保護區-可可西里
1132	旅遊	2個人去西安旅遊，從長春出發，大概要多少錢？
1133	旅遊	一處處秀麗的自然風光讓您目不暇接 沒去過的趕緊去
1134	旅遊	珠海這個絕美的海景驛站升級改造完成！空氣清新，騎行晨跑便利！
1135	旅遊	三清山，世界上已知花崗岩地貌中分布最密集、形態最多樣的峰林
1136	旅遊	四川遊客張某帶著六名女子在三亞沙灘燒烤被撒沙，這事你怎麼看？
1137	旅遊	為何江西能成為國內民眾五一假期游的首選之地
1138	旅遊	美人美景美時節，下一句怎麼接？
1139	旅遊	重回北川老縣城 參觀者更懂得珍惜當下
1140	旅遊	10元人民幣，斯里蘭卡一頓飯吃不完，中國一頓飯吃不飽
1141	旅遊	山村50多年前製作的糧食加工機械，現在還能使用，城裡人都沒見過
1142	旅遊	國內哪一家航空公司的飛機餐最好吃？
1143	旅遊	赴英旅遊正當時 盤點英國游景點
1144	旅遊	夏威夷四島攻略｜這樣玩才叫去過Aloha！
1145	旅遊	深圳大鵬葵壩老路變身山水綠道
1146	旅遊	夏日拍花兒好去處：滑縣森林公園裡的「月季園」芳香四溢味正濃
1147	旅遊	美國夏威夷火山爆發，同時伴隨6.9級地震，一千度岩漿溢出
1148	旅遊	G7京新高速從天津出發到新疆沿途怎麼玩好？
1149	旅遊	「色綠精神」休閒度假的理想之地 有機會一定玩！
1150	旅遊	小Bu說：萌爆少女心，淡路島11米「白色Hello Kitty」巨蛋開幕
1151	旅遊	獨家：狂野！狂野！與非洲獅近距離接觸大匯總！
1152	旅遊	重慶8d魔幻之城要你好看，網紅不簡單，基建狂魔般任性2—鐵路篇
1153	旅遊	重慶正在修建一條鐵路，預計2020年底建成通車，沿線城市發達了
1154	旅遊	攀爬雕像、隨地大小便，「五一」瀋陽景區這些現象你怎麼看？
1155	旅遊	烏衣巷口夕陽斜，下一句是什麼？
1156	旅遊	去雲南的話，忘記大理和麗江吧，這個地方才是雲南真正的世外桃源
1157	旅遊	莊浪，你是人間五月的天堂
1158	旅遊	立夏到，如何順應氣候養好心？
1159	旅遊	人這一輩子會去哪些地方旅行？
1160	旅遊	伊亞小鎮，堪稱聖托里尼亞的精華所在，這裡有著全世界最美的日落
1161	旅遊	深圳農家樂一日游，親子活動九龍生態農業園
1162	旅遊	比三亞清淨，高鐵可直達！這個有山有海的小島，物價便宜又美麗！
1163	旅遊	去巴釐島小心這種「特色服務」，可不要隨便「嘗鮮」
1164	旅遊	盧氏縣東城學校四年級六班 郭懿<《重渡溝一日遊記》>
1165	旅遊	如何看待，五一假期西安再次火遍抖音？
1166	旅遊	中國地理位置優越，世界十大山脈，中國佔了五個！我自豪！
1167	旅遊	攜程承諾不從機票退改簽中收取額外費用，標準混亂仍然待解
1168	旅遊	遠離喧囂卻投入到另一種喧囂中，游古北水鎮見聞
1169	旅遊	攜程7300元的機票退票只得500元，還有6800元哪去了？
1170	旅遊	318國道沿途——四川安居區
1171	旅遊	旅行教會了你什麼？
1172	旅遊	呼倫貝爾心之所往，來一場說走就走的旅行
1173	旅遊	沂水風光邀您共賞-為家鄉
1174	旅遊	走！露營去！長沙此地人少景美
1175	旅遊	武漢有哪些24小時不打烊的店？
1176	旅遊	最古老的千年棧道，盤踞在懸崖峭壁上，堪稱鬼斧神工！
1177	旅遊	旅遊文化：2018中國旅遊景點大全！2018年旅遊風景區有哪些？
1178	旅遊	仁壽光明路紅綠燈、高家路爛、噪音擾民……這些問題已解決
1179	旅遊	如何規劃貴州旅遊？
1180	旅遊	旅遊旺季，來黃鶴樓旅遊的外地遊客不少，看了都說好
1181	旅遊	韓寒帶火了東極島，卻不知舟山還有座文藝範十足的小島
1182	旅遊	九寨溝開放後有去過的嗎怎麼樣？
1183	旅遊	中國最尷尬的地級市，下轄縣比自己有名，連機場高鐵都在縣里
1184	旅遊	西安好玩還是成都好玩？
1185	旅遊	印度人來中國旅遊，被誤認成巴基斯坦人，面對中國人的熱情很尷尬
1186	旅遊	天熱別直接坐地上，一套乾淨涼爽的充氣沙發床，戶外不怕沒地方睡
1187	旅遊	實拍：緬甸另類的景區
1188	旅遊	2018全球避暑名城排行榜出爐，六盤水入圍百強！
1189	旅遊	80%不需要門票！浙江100條旅遊精品線路發佈，週末就去浙里玩~
1190	旅遊	浙江湖州月亮灣：不用去迪拜，太湖上也有豪華七星級酒店
1191	旅遊	一個50歲的單身女人，適合自駕游嗎？
1192	旅遊	夏天到了，紅原月亮灣值得去嗎？
1193	旅遊	「十大最美茶鄉」正在公示 宜賓三地入選
1194	旅遊	絕地求生刺激戰場沙漠地圖：這兩個又富又隱蔽的點你知道嗎？
1195	旅遊	川藏到拉薩需要幾天，每天行多少公里？
1196	旅遊	去墾丁兩天游，需要包車帶我們遊覽嗎？
1197	旅遊	國家為什麼不允許用紅磚建房？
1198	旅遊	學廚師去哪裡學好？
1199	旅遊	希臘旅遊撒狗糧
1200	農業	我國大量的進口的國外大豆，用到哪裡去了呢？看完才明白！
1201	農業	給植物噴施硫酸亞鐵的濃度是多少才合適？
1202	農業	稻種有缺陷水稻大減產
1203	農業	小記——我記憶中最溫暖的時光
1204	農業	農村人常常吃的野菜，在專家眼裡還有這樣的功效！
1205	農業	5月上中旬，小麥要高產還需怎麼樣管理？選擇什麼藥劑？
1206	農業	蟹塘水渾濁的原因及處理方案
1207	農業	4.5都有了！豬場下一步該怎麼走？
1208	農業	豬價持續低迷，影響豬價的因素有哪些，該如何扶持，才能減少養豬大戶的虧損？
1209	農業	東北經濟的下一個增長點在哪裡？
1210	農業	母豬產仔咬仔豬怎麼辦？
1211	農業	悄悄告訴你，如今不少果農選擇這些「金牌」果樹，果子清甜可口
1212	農業	養家糊口的農村婦女千千萬，能把特產賣成王的只有麻城這一個
1213	農業	每袋135元的肥料最多值60多元！忽悠團聯合村幹部合伙坑害農民！
1214	農業	觀點：部分貧困群眾各種「怕」是遲滯脫貧因素
1215	農業	江西「落單」白鶴恢復狀態良好 明日乘飛機至吉林放飛
1216	農業	茄果類高產第一步
1217	農業	奇怪的現象，這個時代為什麼只有糧食不值錢？
1218	農業	農村集市上的魚，新鮮又便宜，白鰱是做麻辣魚的最佳選擇
1219	農業	「招人煩」的村第一書記
1220	農業	城裡買房還不如回村建別墅，過幸福的田園生活
1221	農業	喜歡吃水果，可以考慮在家裡自己種點，好吃還方便
1222	農業	什麼品牌的矮壯素能防止玉米倒伏？使用防倒劑對玉米有何影響？
1223	農業	「昌圖牧歌」2018年5月6日豬價監測預警
1224	農業	「脫貧摘帽快 特色產業帶」——祁東縣精准脫貧記
1225	農業	實在人做實在事
1226	農業	天南地北懷化人│劉代全，精心打造文化「酉莊」
1227	農業	如何高效防治葡萄的白粉病？
1228	農業	豬場發生豬痢疾，給豬用這個方法治療，1天控制死亡
1229	農業	玉米價格最好的上漲時機或許在6月下旬 秋季價格也不要太悲觀
1230	農業	稻苗長的慢可以用二胺嗎？怎麼使它快速生長？
1231	農業	葡萄盆栽賣「景」 能吃能觀賞收益超傳統種植10倍
1232	農業	蜂群失王后，工蜂還會採蜜嗎？
1233	農業	9種好吃高營養的「特色」果樹，趁早栽進地裡，以後水果免費吃
1234	農業	2018年5月6日生豬價格行情 供應相對充足豬價逐漸趨於穩定！
1235	農業	開始種植水稻了，秧田播種時，如何進行地膜保溫育秧？
1236	農業	立夏苗山農事忙
1237	農業	農村俗話「鬥米養恩，擔米養仇」應該怎樣理解？
1238	農業	止瀉2小時見效就是這麼簡單，不信您試試！
1239	農業	鮮蒜、蒜薹今年恐怕「狠」不起來 多地出現免費送
1240	農業	咖啡蘭的養殖要點是什麼，和其他品種有什麼區別？
1241	農業	要知詢農業專家，象怎樣的高溫天氣，大地的西紅柿與豆角是否天天澆水？
1242	農業	農村蓋房子的物料，雖然很廉價，它的藥用價值，你們都不知道
1243	農業	2018年農村房產證已陸續發放，但這些人沒有機會領取！
1244	農業	農村新生代模特
1245	農業	2018宅基地新動作：滿足這4個條件的農民，可進行分戶
1246	農業	有50萬的資金買車還是買地？
1247	農業	玉米「多穗」現象形成的原因有哪些？該怎麼預防？
1248	農業	農村承包地確權進入收尾階段 確權面積已達11.59億畝
1249	農業	來廣元考察交流的巴中市婦聯，看看她們都去了哪？
1250	農業	家裡有空地，不如種幾棵果樹，隨摘隨吃，吃都吃不完
1251	農業	關於南半球的六道題你會幾個？測一測吧？
1252	農業	鴨稻算什麼，看看我們龍江的「天鵝稻」！
1253	農業	想用十五萬來創業，有哪些適合做的項目？
1254	農業	大蒜產地蒜薹大面積滯銷，農民辛勞一天，蒜薹還是要扔丟
1255	農業	農村大叔野外抓螃蟹，卻收穫了這麼多的小石頭！
1256	農業	溫室西紅柿怎麼種植？西紅柿現代溫室種植
1257	農業	撐著小船來娶你！悠悠隆慶，用500年歲月訴說水鄉故事
1258	農業	我國首座全潛式深海漁場5月4日在青島交付使用
1259	農業	玉米心葉展不開是什麼原因導致的？
1260	農業	老婆非要裝馬桶，農村我只習慣蹲坑！最後還是老媽有辦法
1261	農業	降低郁閉果園密度！煙台大櫻桃老果園改造關鍵技術
1262	農業	一個只有六戶人家的偏遠山村，只見到三戶，看看都拍到了些什麼？
1263	農業	怎樣防治小麥稈鏽病？
1264	農業	90後小伙用區塊鏈養雞一年時間完成10萬+會員認養吸引資本數千萬
1265	農業	現在農村人為什麼都不種地了？
1266	農業	世界上最奇葩的水果，你未必都見過，吃過其中的一種我就服你
1267	農業	為什麼早市蔬菜那麼新鮮？
1268	農業	農村葬禮，隨了份子後菜沒吃上，只喝了幾口湯
1269	農業	還大熱天在瓜棚照看瓜嗎？有了這「黑科技」，隨時隨地查看地裡瓜
1270	農業	懶人適合種的果樹：長得多、好打理，你吃過幾種？
1271	農業	成年牛要想放牧育好肥，掌握方法是關鍵
1272	農業	大胃王密子君直播吃重慶老火鍋，服務員在旁邊不停加菜，真心疼
1273	農業	產蛋率有下降了，高手有幾點指導意見
1274	農業	農村小伙教你幾招：輕鬆挑選出優質的東北大米
1275	農業	水泥鋼筋價格大幅度的上漲，農村自建房怎麼辦？
1276	農業	現在農村都興種這種果樹了，好打理、易結果，一年都不吃完
1277	農業	為什麼果樹旺長不結果？為什麼果樹結果很少？如何改造成高產樹？
1278	農業	中國發展得有多快，你知道嗎
1279	農業	重慶黃葛樹種植基地在哪裡？
1280	農業	農村俗語「出門看天色,進門看臉色」是什麼意思？
1281	農業	肥料造假新動向：幾近亂真！
1282	農業	江西職業農民帶薪種田
1283	農業	供電公司和農業銀行共同牽頭實施戶用光伏
1284	農業	五月車釐子與你相約，美味大櫻桃，採摘節開始啦！
1285	農業	人民日報：有些貧困戶畏難情緒重 需補精神之「鈣」
1286	農業	蛋雞養殖效益指標計算
1287	農業	柑橘根系總出問題是什麼原因？
1288	農業	如何對付柑橘紅蜘蛛？
1289	農業	農村地裡的野草需要除盡嗎？長草會有什麼害處？
1290	農業	剪除病葉、卷葉究竟為啥？為什麼連雜草都要清理
1291	農業	這種樹木你認識嗎？農村的山坡上到處都是，它是一種名貴木材
1292	農業	西藏波密：千戶貧困戶獲「脫貧保」
1293	農業	四川華鎣：荒山荒坡結出「金蛋蛋」
1294	農業	「脫貧攻堅」貴陽市信訪局積極推進脫貧攻堅「春風行動」
1295	農業	吃紅心火龍果過時了！2018流行吃黃龍火龍果，1斤才300塊
1296	農業	種地不用化肥會怎樣？
1297	農業	在農村裡，有一種樹被稱為「蛋樹」，你見過蛋長在樹上嗎？
1298	農業	在農村經常聽人說「春栽楊柳夏栽桑，正月種松好時光」，這句話現在還適用嗎？
1299	農業	南陽：政企攜手 創新模式 帶動貧困戶增收
1300	農業	總書記點贊的茌平耿店村，青年微信群里在聊啥
1301	農業	2018年5月5日加州鱸、大黃魚、牛蛙、太陽魚、鯽魚塘頭價行情簡析
1302	農業	美麗鄉村——小丘鎮移村
1303	農業	假如回到農村生活，你會怎麼養活自己？
1304	農業	提個醒！8月1日起，沒有這個證農資店將關門大吉
1305	農業	6旬莊稼漢憑一株紅薯苗發家致富，一畝地掙到了10萬元
1306	農業	為什麼父輩買養老保險，而子女不買就不可以領養老金？
1307	農業	全國牛價又跌了！
1308	農業	為什麼越來越多的人喜歡去農家樂，因為他們生產的都是無公害蔬菜
1309	農業	「三宜」一體興鄉村 陝西嵐皋大力實施扶貧搬遷
1310	農業	養老保險一次性補繳15年，60歲後每月可領1300元，你願意交嗎？
1311	農業	在家養龍蝦，為什麼幾個月以後龍蝦不見了？
1312	農業	古老神秘的烏公侗寨竹米節，一家蒸竹米飯全寨香，你想嘗嘗嗎？
1313	農業	農村的集市該不該取消呢？
1314	農業	當好奔小康的「主心骨」
1315	農業	「廢品」變「珍品」 村民進城看展品 後悔家裡的老物件當廢品丟棄
1316	農業	怎麼去非洲開農場，做生意？
1317	農業	本人開火鍋店，想加入麻辣小龍蝦，哪裡有小龍蝦養殖基地？
1318	農業	剛剛！達州宣佈成功產出環保新材料：比頭髮絲還細！每噸賣2萬！
1319	農業	告訴你為什麼城裡買不到真正的農村土雞蛋
1320	農業	過完年從農村老家出來，一直沒回家，想孩子了
1321	農業	村裡「最為難」的3種人，要提前避免這種遭遇
1322	農業	今年大豆要擴種，補貼大幅度提高哦！
1323	農業	趣談文化：你意想不到的奇怪習俗，韓國用它來當作大禮
1324	農業	立夏後的農事概要，農民朋友們必須知道
1325	農業	農民注意！2018年城市裡的農村人要想「回農村」，可參考以下標準
1326	農業	鄉村振興需要工匠精神
1327	農業	這種長得像貓爪子的野菜，市場空間大，成了農民致富的「搖錢樹」
1328	農業	李暉：切實幫助搬遷貧困戶融入新環境 致富奔小康
1329	農業	如何判定一頭公豬應該淘汰了？應當給予其四次證明自己的機會
1330	農業	湖北宜昌：大雨之後，天空酷似水墨畫！鄉村農房相映美！
1331	農業	水產疾病頻發、養殖成功率降低、產量急劇下降，水質惡化怎麼辦？
1332	農業	水泥鋼筋價格大幅度的上漲，農村自建房怎麼辦？
1333	農業	福建農村電網改造助力鄉村振興
1334	農業	聰明女人都不在家養花了，改種這幾種果苗，年年水果吃不完
1335	農業	崇義築牢健康扶貧「四道保障線」
1336	農業	這些水果算是比較罕見的，一般地方很難遇到，吃過四種就不得了
1337	農業	鄉村全面振興將在大中城市率先實現
1338	農業	農村大集上54歲靦腆大哥靠竹絲大掃帚老手藝30年，年賺一萬元
1339	農業	被很多農民嫌棄的野生植物，40元至50元一斤，快看看你家地裡有嗎
1340	農業	下個週末嶗山北宅櫻桃將迎來集中上市期 結伴去體驗採摘樂趣吧
1341	農業	雞農藥中毒後，有什麼好的解救方法？
1342	農業	農村集市上的垃圾桶真的可以衛星定位嗎？
1343	農業	玉米大小苗嚴重影響產量，及時採取這些措施，減少損失多賺錢！
1344	農業	一些農民收割油菜後，為什麼要把它放在家裡堆上幾天才去翻曬求籽？
1345	農業	農村常見這種植物被稱作生命之花，將它放在臥室有利於夫妻和睦！
1346	農業	為什麼有的果樹旺長卻不結果？如何改造成高產樹？
1347	農業	西紅柿苗期衝施噻唑膦後發黃怎麼回事？
1348	農業	正是這幾點原因，使得美國牛肉如此便宜
1349	農業	英國鄉村風光最好的只有Cotswolds嗎？
1350	農業	村民地下挖出「人形大人參」 給專家鑒定後卻是另外回事！
1351	農業	縣區丨新田：小辣椒成貧困村致富「火紅產業」
1352	農業	東北多地要求多種大豆 要用中國產替代進口？
1353	農業	農村的這些花花草草，你能隨便叫出名字？
1354	農業	立夏狂風暴雨，西安市民都不淡定了，你怎麼看？
1355	農業	警惕農業天價傳銷
1356	農業	養豬知識：母豬合圈方法 檢驗母豬是否懷孕方法
1357	農業	小麥減產已成定局？3天內已有大面積降水，農民需提前做好準備
1358	農業	很多農民都不願生二胎，卻不知獨生子女即將面對這三大難題！
1359	農業	農村出身的朱之文為什麼回到農村不受大家歡迎？
1360	農業	山坡上的房子
1361	農業	有50萬的資金買車還是買地？
1362	農業	夏播玉米，種肥同播，用什麼化肥好呢？
1363	農業	即將進入插秧期，如何做好水稻移栽前準備！少花錢不得病！
1364	農業	股市分析：從豬肉跌至10年低位看到的投機機會！
1365	農業	龍蝦田水深多少最好？
1366	農業	蘆筍種植年入百萬！但這還不能滿足他的野心……
1367	農業	農業農村部部長韓長賦蒞臨我校調研指導
1368	農業	什麼樣的地方才適合誘蜂？有經驗的蜂農選擇誘蜂位置有什麼特點？
1369	農業	大叔野外撿到三隻雞蛋，本以為是意外收穫，結果差點有牢獄之災
1370	農業	農民2018年土地確權後，20歲以下沒土地的人怎麼辦？
1371	農業	雹災對果樹盆景的危害有哪些？
1372	農業	「蒜你狠」變成「蒜你慘」，魔都蒜頭最低5毛一個，不到最高時的一半
1373	農業	農村非常普遍的野草，卻有三大神奇功效，你肯定見過
1374	農業	上聯：豬不能沒有毛，下聯怎麼對？
1375	農業	日照市進一步優化完善農機購置補貼政策
1376	農業	農村小孩能不能到城裡讀書？
1377	農業	黃土、黑土、紅土哪一種土更適合農業發展？各自適合種植什麼東西？
1378	農業	小時候，在農村讀書的時候，你做過最後悔的事情是什麼？
1379	農業	今年是個豐收年，世界上最大的水果，高速路上曬一曬！
1380	農業	市場分析｜原藥有漲有跌，2018年農藥行情撲朔迷離？
1381	農業	遼寧省突破秸稈生物炭規模化應用關鍵技術 生產成本僅為國外同類產品的15%
1382	農業	這種「野味」農村很常見，扔一個，長一片，現在賣到15元一斤
1383	農業	種植花生為什麼要進行清棵，清棵的好處有哪些？
1384	農業	這個夏季十分常見的野菜，吃起來像莧菜一樣滑滑的，略有些酸！
1385	農業	農民賣山裡產的稀罕物山貨，品種繁多都是好東西，你喜歡食用它嗎
1386	農業	竹林套種大球蓋菇優質高效栽培技術
1387	農業	吃百香果，喝百香果汁不時髦啦！2018流行吃「香蕉百香果」
1388	農業	今年這輪「豬週期」，大跌之後必有大漲嗎？
1389	農業	巷道年久失修，嚴重影響出行
1390	農業	山東滕州 南沙河鎮
1391	農業	中國農科院集成創新推出蔬菜綠色生產「4H」模式
1392	農業	未來，這幾種菇農，將成為困難戶！
1393	農業	農村在這個季節家家戶戶種的豌豆已經成熟了 那你們家的呢
1394	農業	2018.5.6今日最新豬價
1395	農業	豆腐渣混玉米桿粉發酵變酸能餵豬嗎？
1396	農業	保留院落鄉土特色避免「千村一貌」
1397	農業	5月中旬，小麥用什麼藥？
1398	農業	彩禮重，娶妻難！超3000萬光棍被判「無妻徒刑」？別急，專家幫您
1399	農業	摘櫻桃咯！青島櫻桃園大全
1400	農業	這種農村的美味在哪都能生長，曾經泛濫成災，現在賣到50元一斤
1401	農業	貴州省首個以脫貧攻堅投資基金支持的水利合規性項目獲審查通過
1402	農業	如何才把白粉蝨、薊馬和紅蜘蛛一網打盡？
1403	農業	我省突破秸稈生物炭規模化技術，生產成本僅為國外的15%
1404	農業	補精神之鈣 添脫貧動力（話說新農村）
1405	農業	取消農業戶口對農民有哪些好處？
1406	農業	農村老話「家有千萬，帶毛不算」當你明白道理，為時已晚！
1407	農業	龍蝦養殖：用藥不當，可能會導致龍蝦大範圍死亡
1408	農業	山東各地抓住小麥孕穗期關鍵時期防控病蟲害
1409	農業	紅薯葉餵豬的訣竅
1410	農業	想回農村開面店，有什麼需要注意的嗎？
1411	農業	蒜薹兩毛錢，說「蒜你狠」的人該閉嘴了
1412	農業	專家視點：「優質小麥面積上升，未來小麥價格發展如何」？
1413	農業	如果你有50萬，是願意在農村蓋別墅，還是去小縣城買一套小房子？
1414	農業	唐培科：帶領村民們打造「新農村」
1415	農業	小小說：李書記賣鴨
1416	農業	老農去摘玉米，卻在玉米稈上撿到很多現金，讓人哭笑不得
1417	農業	4000家農資店齊努力，農資拒賒風暴無人能阻！
1418	農業	養殖戶希望豬價再跌一跌，農村散養戶和規模化豬場誰能笑到最後！
1419	農業	農村俗語：「人窮斷六親」，這句話真實嗎？為什麼？
1420	農業	農民在地裡三件事情不能隨意的做，不然可能會失去土地！
1421	農業	秦緒文：玩抖音怎麼才能賺到錢？
1422	農業	黑龍江撫遠開展最大規模大馬哈魚放流行動
1423	農業	為了尋找小時候的記憶，一大早往老家趕，找的就是這種醬果樹莓
1424	農業	農村酒席上必不可少的東西，都在這裡了！
1425	農業	現在農村人為什麼都不種地了？
1426	農業	在延津有一種聊天叫噴空兒
1427	農業	華池縣馬鈴薯產業有序發展
1428	農業	武漢再提城鄉低保標準 城市每人每月提高到715元
1429	農業	連飯都吃不上
1430	農業	玉米到底用不用追肥？怎樣做更高產？專家為你解惑
1431	農業	這種花太好養活了！2個月長滿陽台，庭院變花海，攔都攔不住！
1432	農業	河南葉縣扶貧廣播「打通扶貧政策落地最後一公里」
1433	農業	午餐要吃好，葷素搭配不能少，這菜我看著很喜歡！
1434	農業	跟天賭與地鬥，如今行情摸不透，老菜農一句話總結56年種菜辛酸
1435	農業	子女農轉非後，承包地將不允許繼承，滿足6個條件，可以非轉農！
1436	農業	青島鄉醫人均收入增加近萬元 村衛生室藥物補助提高
1437	農業	梨樹上結「金子」，樹下生「票子」，來看看他的生財之道
1438	農業	一農村婦女搞養殖年入百萬 能學到她的一半就能賺大錢
1439	農業	酒糟新用途？酒糟分離機助力！
1440	農業	兩岸不交流，大陸停止收購台南鳳梨，果農欲哭無淚！
1441	農業	注意了，農村今年有4個坑，有農民已經愁壞了
1442	農業	80後農民種菜致富1年純賺70萬 他發明1個銷售絕招讓他快速致富
1443	農業	哪種發酵劑發酵豬飼料比較好？
1444	農業	怎樣購買藥材種子
1445	農業	文化週刊｜中國傳統村落保護（海南）高峰論壇儋州舉行
1446	農業	做好基層農村工作需要哪些基礎知識？
1447	農業	集市這些麵食攤，攤子不大，但生意非常好！
1448	農業	養鴿子培育鴿子做種和參賽的區別
1449	農業	每畝最高賺七八千 盱眙小龍蝦如何「步步高」
1450	農業	月季花用魚的內臟水作肥料，花開的旺嗎？
1451	農業	五月份果園該做哪些工作？（下）
1452	農業	產糧大縣的田野「四則運算」
1453	農業	聊城人快看！我們每天生活的聊城，原來是這個樣子！
1454	農業	五一豬價繼續下跌，小散戶不倒閉，豬價就漲不上去？
1455	農業	中國哪裡的臍橙最好？
1456	農業	就衝這3個條件，紅心獼猴桃賣的也要比黃、綠心貴
1457	農業	溫室大棚的選擇，不求最貴只求更對
1458	農業	富縣：建成千畝田園綜合體 打造黃土高原「稻夢空間」
1459	農業	農村低保「政策」大幅度調整！農民：還改？讓不讓過了！
1460	農業	鄭州的櫻桃熟了嗎？聽說今年櫻桃減產是真的嗎，還能採摘嗎？
1461	農業	現在果園地裡墒情不錯，可以划溝餵尿素嗎？
1462	農業	最優質的大麗花培育基地—甘肅臨洮綠洲花卉種植基地
1463	農業	老人們常說自己年輕那個時代吃不飽、穿不暖，但那時河裡到處都是魚，地裡也有野鴨野兔，為什麼不抓來充飢？
1464	農業	吃到綠色安全果蔬不是夢
1465	農業	農村這些田裡的野草，有的有毒，有的卻能吃又健康！
1466	農業	12X13米三層帶車庫別墅，實用性極強外形簡約不簡單，村長都點贊
1467	農業	農村種植春玉米防治薊馬蟲害，其影響產量不能忽視
1468	農業	這個野菜在農村都浪費掉了，城裡人卻當成寶！
1469	農業	雨水頻繁迎立夏，及時開展病蟲害的防治工作！
1470	農業	玉米5月首周拍賣結束，怎麼看待後市行情？
1471	農業	吃得更放心！農村「壩壩宴」管理也有新招啦~
1472	農業	農村人招待客人，雖然清淡簡單，可滿滿都是心意！
1473	農業	農村常種植四種的經濟作物
1474	農業	阜南縣趙集鎮中心學校、劉集小學和大聶九年制教師頂風冒雨-扶貧
1475	農業	噴施百壟通後多久可以栽地瓜？
1476	農業	稻田套養小龍蝦做到這六點，不賺錢都不行
1477	農業	這惡魔據聞來自美國，本是好意引進，卻泛濫成災，農民苦不堪言！
1478	農業	辣椒幼苗莖中部萎蔫縊縮，咋回事？怎麼治
1479	農業	玉米行情：2018年5月6日玉米價格行情預測
1480	農業	後申遺時代的哈尼梯田 「稻魚鴨種養」欲破棄耕困窘
1481	農業	如果家有院子千萬別浪費！今年都興種這種果樹，好種易活年年結果
1482	農業	土地確權中哪些家庭成員屬於共有人需要登記？
1483	農業	湖南省新化縣洋溪鎮歐式二層半小別墅特別大氣
1484	農業	愁死了，水稻蟲害不認識？專家幫你指認
1485	農業	你什麼時候回來，不要在大城市打工了
1486	農業	雞農藥中毒後，有什麼好的解救方法？
1487	農業	農村流傳的「婆媳關係」順口溜，句句有理！婆媳怎能是天敵！
1488	農業	未來七天，農村2樣東西降價，這2樣東西大漲，農民要提前做好準備
1489	農業	怎樣化解洗車店位置不是很好的尷尬局面？
1490	農業	湖北宜昌：鄉村，農家樓房造型奇葩！這是什麼樣的建築風格？
1491	農業	皖南黑桃樹，產量極高，果香濃郁，當年結果，是庭院種果樹皇后！
1492	農業	我想回家養牛，打算養10頭左右，有什麼需要注意的嗎？
1493	農業	孩子在城市養和在農村養有什麼區別？
1494	農業	什麼樹可以生長靈芝？
1495	農業	農民工工資是否已經超過大學生？
1496	農業	老照片：那時候吃的清貧，卻熱熱鬧鬧，看看中國農村吃飯的情景
1497	農業	我敢說這種美食零零後肯定沒吃過，吃過的也是上了年紀的人
1498	農業	在農村栽種的一種菜名叫牛皮菜，它是這樣吃的
1499	農業	農村野外做野味，用一口大鍋做，場面太壯觀了！
1500	遊戲	王者榮耀排位徵召，非你們不ban
1501	遊戲	《王者榮耀》的哪個英雄或者哪個技能最讓你懷念呢？
1502	遊戲	《荒野行動》90%的人都不知道的鑽石獲取方式！不用太浪費了
1503	遊戲	王者榮耀的哪個英雄或者哪個技能最讓你懷念呢？
1504	遊戲	英雄聯盟最秀的AD中單，男刀第三，第一秀到你懷疑人生
1505	遊戲	同等經濟哪4個英雄最能抗傷害，白起難入榜，第一名沒四個人打不死
1506	遊戲	MSI入圍賽Day4第一場：PGM 0-1 SUP，SUP再取一勝領跑B組
1507	遊戲	絕地求生5月份新版本都有哪些改動？
1508	遊戲	《王者榮耀》有哪些法師不依賴銘文？
1509	遊戲	《王者榮耀》有哪些法師不依賴銘文？
1510	遊戲	Uzi獲得冠軍後直播首秀730萬人氣，首局遊戲老鼠拿下五殺
1511	遊戲	DNF：玩家打團時睡著了，為了守護阿拉德大陸殫精竭慮
1512	遊戲	王者榮耀中這些情侶CP，你覺得哪對最虐汪？
1513	遊戲	2018季中冠軍賽第四日賽事前瞻：B組入圍賽誰能覲見FW？
1514	遊戲	如果迷你世界和Mc相互PK，你覺的誰會贏？
1515	遊戲	旅行青蛙中國之旅什麼時候上線 中國之旅上線時間一覽
1516	遊戲	為什麼《輻射4》被很多老玩家噴？
1517	遊戲	你玩的第一款網絡遊戲什麼？
1518	遊戲	我的世界有多少個遺跡？種子是什麼？
1519	遊戲	網易新游《第五人格》到底在玩什麼？
1520	遊戲	2000左右買什麼手機？
1521	遊戲	王者榮耀有哪些輔助可以出全輸出裝？
1522	遊戲	自從玩了《絕地求生》以後，你感覺到自己身體什麼部位明顯變差了？
1523	遊戲	《我的世界》攻略：手游地圖生存指南，沙漠雨林海洋大盤點（上）
1524	遊戲	怎麼看微博大V爆料王者掉幀卡頓等問題是因為手機品牌保護費交的不夠？
1525	遊戲	LOL創造了吉尼斯紀錄的英雄 第一是人面獸心 第三來自地獄
1526	遊戲	第五人格：廠長把傀儡扔上房頂後發現不對勁，遊戲就這樣結束了？
1527	遊戲	你會為了《逆水寒》而放棄《劍網三》嗎？
1528	遊戲	LOL：MSI投票成RNG戰隊秀？Uzi一個人把服務器給弄崩了
1529	遊戲	PS4獨佔大作《戰神》結局深度解析
1530	遊戲	DOTA2 英雄之路啓程 MDL金鷹電競站戰隊巡禮
1531	遊戲	有什麼比較公平的網絡遊戲嗎？
1532	遊戲	如果沒有時間冷卻，王者榮耀哪個英雄開大最厲害？
1533	遊戲	刺激戰場：空投里不只是有三級頭，還有AWM等各種狙擊槍
1534	遊戲	旅行青蛙能取代吃雞嗎？
1535	遊戲	王者榮耀：QG貓神：AG超玩會我們來陪你們了！
1536	遊戲	夢幻西游：這藏寶閣100萬擺不開的召喚獸，10分鐘之內必然被秒？
1537	遊戲	遊戲開發公司有哪些崗位？
1538	遊戲	王者榮耀如果雙方都不打，只讓小兵上，誰會贏？
1539	遊戲	《DNF》玩家：玩了三個號實在有點玩不動了，該捨棄哪個號呢？
1540	遊戲	kpl明星賽最大的敗筆是不是替補坐了兩場冷板凳？
1541	遊戲	絕地求生：近日爆料即將新增北極地圖，那些吃雞神器直接廢了！
1542	遊戲	為什麼國產手游做不出好遊戲？
1543	遊戲	LOL中哪個英雄最克劫？
1544	遊戲	索泰杯第二日QM吃兩雞引發爭議？虎撲大神扒出QM違規行為？
1545	遊戲	棋牌遊戲運營：2018上半年棋牌遊戲總結及展望
1546	遊戲	現在王者榮耀都禁哪些英雄？
1547	遊戲	「CF」都出了英雄級，為什麼還要出「王者系列」？
1548	遊戲	DNF：大家自嘲一下自己最缺哪件詩史
1549	遊戲	有什麼唯美劇情的手機單機遊戲？
1550	遊戲	免費暢玩Dota2所有飾品！DOTA2 MOD軟件安利
1551	遊戲	攜NBA完美還原球星生活最強NBA揭秘潮服、王朝兩大新模式
1552	遊戲	王者榮耀：當隊友選這三個奇葩英雄打野的時候，我就知道此局必輸
1553	遊戲	王者榮耀：反野最厲害的四個英雄，最後一個比東皇太一還惡心！
1554	遊戲	三國殺里有哪些嘲諷度很高的武將？
1555	遊戲	區塊鏈遊戲哈希世界新增南極土地玩法，可領比特幣
1556	遊戲	絕地求生黃金大獎賽TPP模式獎金36萬、FPP獎金10萬 獎金差距好大
1557	遊戲	有什麼好玩的天文遊戲？
1558	遊戲	Uzi直播首秀人氣火爆彈幕刷到黑屏，黃金段位拿五殺稱太簡單！
1559	遊戲	王者榮耀中呂布出閃電匕首、純淨蒼穹或者無盡之刃哪個性價比或者效果好一點？
1560	遊戲	《王者榮耀》韓信偷鯤這個梗是從哪裡來的？
1561	遊戲	《DNF》玩家感嘆；當時迫不及待頭腦發熱了一下，現在後悔莫及！
1562	遊戲	LOL每天後半夜都會有自動送人頭的，都是0-幾的，查看戰績都是連輸的，這是為什麼？
1563	遊戲	UZI直播黃金分段，卻被國服路人單殺！玩上單薇恩遭瘋狂制裁！
1564	遊戲	我們快被群里的小程序遊戲逼瘋了！分享幾個解決辦法……
1565	遊戲	LPL冠軍UZI虎牙直播首秀 彈幕人氣排行雙雙第一！400萬爆炸人氣！
1566	遊戲	大吉大利，晚上吃雞，來看你是那種吃雞選手！
1567	遊戲	王者榮耀：玩家炫耀15萬金幣賬號，卻被網友一張圖打臉扎心了！
1568	遊戲	《魔獸爭霸3》的職業選手，能打贏兩個業餘選手嗎？
1569	遊戲	DNF：在遊戲中最讓人無奈的事情有哪些？
1570	遊戲	夢幻西游：掉須彌只是逆襲的開始？喜聞樂見的結局
1571	遊戲	《空洞騎士》值得入手嗎？
1572	遊戲	DNF：魂牛記錄再次刷新，劍魂攜驅魔彈藥奶爸47層通關成功！
1573	遊戲	吃雞遊戲里一百個人里哪些是人機？
1574	遊戲	爆爆，呆呆，阿木木歷，湯米，清水，暗墨，星星知多少，大海，火焰，楚河…你們更愛誰？
1575	遊戲	王者榮耀：5個「小學生」最愛的英雄，進去就秒選的要小心了
1576	遊戲	互粉有效性和原創收益實測分析，大家根據實際情況進行選擇！
1577	遊戲	王者榮耀：妹子剛上鉑金就被封號，理由很搞笑，網友卻直呼好傻
1578	遊戲	MSI入圍賽第一支晉級戰隊誕生！中國隊的老朋友
1579	遊戲	《碧藍航線》艦娘120級排行榜 艦b120級PVE節奏榜
1580	遊戲	LOL不離開高地也能獲勝？瘋狂玩法大戰60分鐘
1581	遊戲	東方最新作《不可思議的幻想鄉 蓮花迷宮》公佈 將登陸PS4/NS
1582	遊戲	遊戲世界：吃雞風潮將過，這個網站又推出一款吃雞頁游引騰訊注意
1583	遊戲	LPL四大ADC主觀排名，UZI走下神壇但依舊是LPL第一AD
1584	遊戲	DNF中，你對你玩的職業有哪些不滿的地方？
1585	遊戲	英雄聯盟號令之旗在職業賽場上大火，難道就沒有一個AP英雄能完美克制嗎？
1586	遊戲	英雄聯盟投降規則改動，15分鐘4人同意就行，你怎麼看？
1587	遊戲	王者榮耀：李白界的人氣主播，一個李白打出各自風采
1588	遊戲	LOL：三級時諾手被這三個英雄單殺，一點都不丟臉
1589	遊戲	國產獨立遊戲失落城堡銷量20萬+，能帶來什麼啓示？
1590	遊戲	《戰神》海外直播熱度高 觀看時長接近2000萬小時
1591	遊戲	S11最強射手排名！第一名卻只需2888金幣？觸手藍煙用來打王者局
1592	遊戲	刺激戰場：光子現在都這麼良心的嗎？這空投讓人兩眼放光！
1593	遊戲	那些經營不善而遺憾關服的手游之一 樂元素《梅露可物語》
1594	遊戲	魔獸世界雜談：可憐的瑪法里奧！你究竟還要涼多少版本？
1595	遊戲	王者榮耀怎麼看趙雲打野Alan的回歸？
1596	遊戲	lol國內聯賽、msi、洲際賽和s賽，這四項賽事哪個含金量最高？哪個最低？
1597	遊戲	《狂野飆車8》破解版在哪下？
1598	遊戲	《英雄聯盟》選擇大區後，遊戲消失了，是怎麼回事？
1599	遊戲	《英雄聯盟》IG中單Rookie這名選手的水平到底怎麼樣？
1600	遊戲	想玩恐怖遊戲又害怕怎麼辦？
1601	遊戲	王者榮耀：英雄池中必須有這兩名英雄，才是一名好的輔助玩家
1602	遊戲	VR 3.5渲染器大圖渲染設置，再也不擔心不會設置了
1603	遊戲	絕地求生：遊戲中成就系統37項你完成了幾個？
1604	遊戲	麥當勞開王者榮耀主題店了？可以開黑嗎？
1605	遊戲	王者榮耀：有這個英雄在，輔助位都能變成團戰中心
1606	遊戲	王者榮耀里鍾馗的鈎子和百里玄策的鈎子哪個更可怕，你更怕哪個？
1607	遊戲	回顧LSPL比賽！讓帝被Khan爆錘，才明白FW前教練之前說的話
1608	遊戲	UZI直播 網友：震驚，韓服前十被國服黃金吊打
1609	遊戲	《我的世界》：它是最可憐的生物，想要靠近玩家，卻又讓玩家害怕
1610	遊戲	《業餘遊玩》steam周銷量排行榜
1611	遊戲	《英雄聯盟》RNG戰隊北京主場招聘賽事OB,要求段位電一大師以上，你怎麼看？
1612	遊戲	絕地求生12輪更新新增內容講解：新配件與倍鏡的抉擇
1613	遊戲	天龍八部手游：華山論劍特殊戰法就在這裡！
1614	遊戲	LOL如何不出高地贏下比賽？這件神裝必備！
1615	遊戲	如果你喜歡《我的世界》，但是你媽媽又說《迷你世界》好，你會怎麼辦？
1616	遊戲	現在想要脫坑都這麼難，老馬硬生生拉玩家回坑，這代價有點大
1617	遊戲	lol哪個英雄最吃操作？
1618	遊戲	LOL：被安排？拋棄了女朋友和小明雙排的Uzi首秀屢次卻被黃金單殺
1619	遊戲	路人局無解的阿珂，為何在KPL無人問津？夢淚親自告訴你答案！
1620	遊戲	2000左右買什麼手機？
1621	遊戲	王者榮耀：S11值得買的這幾位13888英雄，要把錢花在刀刃上！
1622	遊戲	王者榮耀：魔鎧上分攻略，最暴躁的備戰銘文、出裝你敢用嗎？
1623	遊戲	爐石傳說：這套青玉薩在狂野環境勝率高達67%，你還不來試試？
1624	遊戲	絕地求生：最想要的吃雞神器
1625	遊戲	王者榮耀哪些英雄大招技能最強呢？嬴政第二，第一神技能猶如外掛
1626	遊戲	天龍八部手游：天命玄鳳霸榜當之無愧！
1627	遊戲	英雄聯盟移速最快四大打野，劍聖僅排第三，第一沒人追得上
1628	遊戲	qq飛車手游中為什麼針尖那麼不受人待見？
1629	遊戲	沒有經驗可以做什麼店？
1630	遊戲	你支持迷你還是mc？
1631	遊戲	CFPL賽程，久離CF的你還會關注嗎？
1632	遊戲	傳聞：《尼爾 機械軍團》將登陸Xbox One平台
1633	遊戲	絕地求生刺激戰場：跑毒載具選哪個？這些載具參數你必須懂
1634	遊戲	「天選之人」遭雷劈？你是否在裝X，這個道具幫你檢測……
1635	遊戲	陰陽師超鬼王即將結束 誰是最強特攻式神
1636	遊戲	《海王星》新作追加發售SWITCH版
1637	遊戲	做棋牌遊戲代理真的靠譜嗎？
1638	遊戲	怎麼看微博大V爆料《王者榮耀》掉幀卡頓等問題，是因為手機品牌保護費交的不夠？
1639	遊戲	有什麼唯美劇情的手機單機遊戲？
1640	遊戲	截止至2018春季賽季後賽，誰是lck第一adc？
1641	遊戲	王者榮耀有哪些輔助可以出全輸出裝？
1642	遊戲	巴西賽區KBM戰隊：感謝粉絲和所有的一切
1643	遊戲	小心！小程序正在毀掉你的微信體驗
1644	遊戲	如果可以，讓你從DNF的NPC中選擇一個帶來現實，你會選誰？
1645	遊戲	DNF：安徒恩比盧克好在哪？為什麼許多勇士都喜歡烏龜討厭盧克
1646	遊戲	lol現在哪個英雄單挑最厲害？
1647	遊戲	遊戲圈的C位竟被這個男人佔了 郭煒煒沒想到自己「被出道」
1648	遊戲	MSI泰國戰隊再現「黑科技」 主教練竟帶「武林秘籍」登場
1649	遊戲	王者榮耀里鍾馗的鈎子和百里玄策的鈎子哪個更可怕，你更怕哪個？
1650	遊戲	dnf玩家穿超大陸刷安徒恩屢屢被踢，朋友提醒後恍然大悟
1651	遊戲	到2018年5月為止，有哪些遊戲被新聞正面報道過？
1652	遊戲	手殘可以做遊戲實況視頻嗎？
1653	遊戲	為什麼暴雪不把dota做成手游？
1654	遊戲	官人某牙事件再度升級！官人：欠我的錢不要了，高管敢回應我嗎？
1655	遊戲	lol中，用武器打不死蓋倫該怎麼辦？
1656	遊戲	5月5日絕地求生天命杯4AM戰隊成績不理想，你怎麼看？
1657	遊戲	絕地求生後座加強導致無法壓槍，同時關閉個人交易系統，對此你怎麼看？
1658	遊戲	王者榮耀：張大仙不敢打巔峰賽太菜？抱歉！巔峰賽已經到處是演員
1659	遊戲	LOL：新一代Soloking史森明，Uzi直播與小明單挑被完虐
1660	遊戲	痴雞小隊的呆雞有多坑？
1661	遊戲	《英雄聯盟》什麼上單英雄能吊打鰐魚？
1662	遊戲	爐石傳說的卡牌有哪些有趣的外號？
1663	遊戲	英雄聯盟最適合開團四大上單，猴子上榜，第一見人就上
1664	遊戲	AMD出的2200G或2400G玩「吃雞」的效果如何？需要增加獨顯嗎？
1665	遊戲	DNF：為什麼你達到了打團的要求卻沒人要？只因為你差了這一件裝備
1666	遊戲	吃雞再次引發社會事件，背後事件值得深思！
1667	遊戲	作為玩家/賽事觀眾，你能夠接受LOL的版本平衡嗎？
1668	遊戲	17shou在Kakao服被封禁！你怎麼看待這件事？
1669	遊戲	遊戲劇情里有哪些令人拍案叫絕的「智障橋段」？
1670	遊戲	鬥魚黃金大獎賽第四季選拔賽開始，水友點贊熱度再創新高
1671	遊戲	在5月5號虎牙索泰杯上，QM戰隊被實錘代打，如何評價？
1672	遊戲	手機上有什麼好玩的大型遊戲？
1673	遊戲	DNF 天御不閃了接著閃魔戰 這兩四等一深淵閃的俺們真給跪了
1674	遊戲	DNF：原來這遊戲真的存在狗托，老馬居然還對他瘋狂暗示！
1675	遊戲	MSI投票榜：Uzi人氣爆棚 小花生為非LPL選手第一
1676	遊戲	dnf旭旭寶寶紅眼新高度百萬戰力，五件娜迦王海伯倫加持，和國服其他紅眼差距有多大？
1677	遊戲	官總一個職業選手被路人大神說是總導演？這得花多少錢？
1678	遊戲	兩個在各自的遊戲上稱得上一哥的主播，為什麼到最後下場卻不一樣
1679	遊戲	你認為紅白機歷史上最難的三款遊戲分別是什麼？
1680	遊戲	為什麼有些鬥魚的主播們這麼喜歡拿觀眾當傻子一樣耍？
1681	遊戲	震驚！LPL冠軍下路首秀慘遭黃金奶媽雙殺，Uzi：現在黃金都這麼強
1682	遊戲	手游哪些最好玩？
1683	遊戲	一個夢幻平民老玩家的商人之路！——5
1684	遊戲	如果禁止未成年人充值騰訊遊戲，騰訊營收會受到多大影響？
1685	遊戲	王者榮耀：輔助開局這麼做，準備6分鐘投降吧！他絕對是個坑
1686	遊戲	世界上最大的格鬥遊戲比賽EVO，街霸5報名人數僅排第二
1687	遊戲	《荒野大鏢客2》細節整理 支線、狩獵、榮譽系統
1688	遊戲	「王者榮耀」S11最強上單是他，夢琪和他有一拼
1689	遊戲	爆款RPG《東方夢符祭》爽快抽卡停不下來
1690	遊戲	《爐石傳說》現在不花錢還能有較好的遊戲體驗嗎？
1691	遊戲	絕地求生里，能用賞心悅目來形容他們操作的主播，他當榜首
1692	遊戲	怎麼樣能直播迷你世界？
1693	遊戲	你第一次被魔獸世界震撼到是什麼時候？
1694	遊戲	王者榮耀KPL：泥潭深入的QG和已經觸底的AG，誰更值得同情？
1695	遊戲	刺激戰場中比較難獲得的稱號有哪些？
1696	遊戲	《坦克世界》里的KV85怎麼玩？
1697	遊戲	你玩過劇情最好的RPG遊戲是什麼？
1698	遊戲	王者榮耀各位置開局應如何處理更為合理？
1699	遊戲	英雄聯盟里的十個經典笑話：為何放棄治療，因為我要帶閃現！
1700	遊戲	跑跑卡丁車為何被QQ飛車擊敗？
1701	遊戲	如果《我的世界》和《迷你世界》動用所有力量「開戰」會怎樣？
1702	遊戲	DNF：六人raid2保4!第二脊椎瞭解一下！
1703	遊戲	拿了98K因槍法太爛，一槍都打不中？教你稱霸絕地求生的獨門絕學
1704	遊戲	DNF武器加13成功是一種什麼樣的體驗？
1705	遊戲	LOL哪個區玩家最有素質？
1706	遊戲	王者榮耀里坦克出不出霸者呢？
1707	遊戲	英雄聯盟：UZI直播時間確定，粉絲瘋狂舔屏！UZI女朋友都害羞了
1708	遊戲	「學技術」eStarPro.星辰裴擒虎爆發出裝銘文推薦
1709	遊戲	夢幻西游：土豪被美女騙錢罵屌絲，一怒之下買175張號復仇
1710	遊戲	動漫cosplay《王者榮耀》牛一樣的眼睛濃妝甄姬—遊園驚夢
1711	遊戲	陰陽師：這幾位SSR基本全靠碎片合成 不是怕臉黑而是實用度太高了
1712	遊戲	iBoy直播掛機慘遭LPL官方罰款一萬元，打野螳螂或將面臨封號？
1713	遊戲	鬥魚絕地求生黃金大獎賽F組第一天，numb發揮出色，雙連雞
1714	遊戲	王者榮耀：小姐姐一分鐘收到八個曙光守護者！這樣要皮膚真的好嗎
1715	遊戲	王者榮耀里，后羿重做後究竟是增強了，還是不如以前了？
1716	遊戲	MSI微星遊戲本6G獨顯和7代i7，開掛般的神奇體驗！
1717	遊戲	韓國有槍戰遊戲，美國有刀塔遊戲，中國有哪些遊戲遍布世界？
1718	遊戲	都說王者峽谷里老公打不過老婆，那為什麼王昭君就很難打過李白呢？
1719	遊戲	王者榮耀：QGhappy在保級邊緣掙扎，他們是真的茫然了
1720	遊戲	怎麼看微博大V爆料《王者榮耀》掉幀卡頓等問題，是因為手機品牌保護費交的不夠？
1721	遊戲	《荒野大鏢客2》發售前全方位情報匯總，都是各位想知道的！
1722	遊戲	東歸英雄傳用了多少馬？
1723	遊戲	王者榮耀：S11賽季強勢英雄榜，張良咸魚翻身，成中路上分黑馬！
1724	遊戲	王者榮耀怎麼看雙Q大戰，以XQ拒絕橫掃3:1復仇QGhappy？
1725	遊戲	小米發燒，新品生為競技，6G+64G+4000mAh+液冷，黃牛加價1000
1726	遊戲	孩子沈迷《堡壘之夜》！衛報：遊戲沒錯，錯的是時間
1727	遊戲	DNF：強化上12連續失敗怎麼辦？這位大佬的做法太霸氣！
1728	遊戲	遊戲時光本週熱門：去完北歐，今年還有西部
1729	遊戲	《王者榮耀》夢奇和鎧單挑誰更厲害？
1730	遊戲	《王者榮耀》的哪個英雄或者哪個技能最讓你懷念呢？
1731	遊戲	英雄聯盟：下個版本QDC玩法又回來了，拳頭屢次削弱都沒用
1732	遊戲	有了它之後，吉利服變成了自我欺騙，韋神女友都看不過去了！
1733	遊戲	全場空勾也讓人懼怕三分！王者榮耀遇到鍾馗簡直是鬥智鬥勇！
1734	遊戲	怎麼看微博大V爆料《王者榮耀》掉幀卡頓等問題，是因為手機品牌保護費交的不夠？
1735	遊戲	打麻將你不懂技巧？麻將大師教你5個技巧口訣 打牌不會再輸
1736	遊戲	steam是否毀滅了中國遊戲市場？
1737	遊戲	英雄聯盟喜歡玩輔助的是什麼樣的人？
1738	遊戲	你充過錢的遊戲中，哪些遊戲是你最後悔的？
1739	遊戲	6日熱點新聞：可口可樂日本又出新品，可以凍起來吸著喝
1740	遊戲	玩《英雄聯盟》時，總誤觸ctrl鍵，怎麼解決？
1741	遊戲	DNF：體驗服光環裝備改動，部分副本中無效，已經徹底涼了！
1742	遊戲	怎麼看微博大V爆料《王者榮耀》掉幀卡頓等問題，是因為手機品牌保護費交的不夠？
1743	遊戲	5日遊戲熱點回顧：王者榮耀：玩家求官方加強猴子，別改李白，策劃一一答復
1744	遊戲	王者農藥，一場打到虛脫的遊戲，大家最多打多長時間？
1745	遊戲	盤點那些年你一定玩過的的經典遊戲，鑽石恆久遠，經典永流傳！
1746	遊戲	你為什麼還在堅持玩《爐石傳說》這個遊戲？
1747	遊戲	DNF最強預言家：15年的朋友看過來！你絕對想不到的……
1748	遊戲	如何看待現在的UZI的水平？
1749	遊戲	2000左右買什麼手機？
1750	遊戲	玩家求官方加強猴子，別改李白，策劃一一答復
1751	遊戲	CF武器9A91怎麼樣？
1752	遊戲	《王者榮耀》新英雄米萊狄將在5月上線，她的出裝攻略是怎樣的？
1753	遊戲	遊戲設備大升級，助你暢快吃雞
1754	遊戲	鬥魚嘉年華美年達展會艷武漢，人氣爆棚成為最大贏家！
1755	遊戲	如果自身四維，武力，智力，社交能力，工作能力，按遊戲數據各滿分100來算，你是多少？
1756	遊戲	大神飛車手游里結過婚了，戒指可以換嗎？
1757	遊戲	DNF攢藍礦+紅豆換荒古是一種什麼樣的體驗？
1758	遊戲	天美的五個親兒子，皮膚很多很炫酷，可惜當前版本完全被拋棄！
1759	遊戲	我的世界，奶塊，迷你世界，泰拉瑞亞，麥塊哪個更好？
1760	遊戲	夢幻西游：土豪被美女騙錢罵屌絲，一怒之下買175張號復仇
1761	遊戲	DNF：每日深淵任務完成，1000票回票500
1762	遊戲	神武3天罡什麼隊伍最好？
1763	遊戲	在《王者榮耀》中玩射手應該注意些什麼？
1764	遊戲	王者榮耀：後期最強勢的4個法師，最後一個讓敵人頭疼，無解秒人
1765	遊戲	QQ飛車還火嗎？
1766	遊戲	DNF會「後跳X」的職業都有哪些？
1767	遊戲	《大話西游2》回憶遊戲，經歷人生 大話回憶錄，回憶你我她
1768	遊戲	DNF：十億小目標第四十四天
1769	遊戲	夢幻西游：玩家鑒定150裝備時喜出破血，不料卻只能當陪襯品！
1770	遊戲	怎麼看微博大V爆料王者掉幀卡頓等問題是因為手機品牌保護費交的不夠？
1771	遊戲	王者榮耀一些知名主播為什麼不選擇加入職業戰隊？
1772	遊戲	Uzi億元續約虎牙直播，明晚虎牙開播倒計時，各種好禮等你來拿
1773	遊戲	怎麼看微博大V爆料王者掉幀卡頓等問題是因為手機品牌保護費交的不夠？
1774	遊戲	真·國服第一諾手問世？余小C韓服王者600點諾手豪取五殺！
1775	遊戲	RNG官博放出最新片花，唯獨少了正在直播的Uzi
1776	遊戲	LOL：亞索第一次在2018MSI登場？KBM完美應對擊敗DW！
1777	遊戲	小智三年坐穩全民一哥，而她成為一姐只用了三個月！
1778	遊戲	Lol里支援速度最快的3個英雄，死歌和慎上榜，第1個對面看到就煩
1779	遊戲	王者榮耀：這四名英雄必被ban！榮耀王者到底有多討厭他們？
1780	遊戲	DNF「玩家花錢在網上買了個號」為了防止找回，直接毀號！
1781	遊戲	英雄聯盟閃電狼FW戰隊到達柏林準備MSI，他們進入正賽的可能性多大？
1782	遊戲	王者榮耀，哪吒唱起五環之歌，安琪拉摘星星！
1783	遊戲	王者榮耀：小學生到底該不該出現在王者峽谷？看完這四點你就明白
1784	遊戲	劍仙和張大仙有什麼不同呢？
1785	遊戲	預算7000元左右，是買遊戲本還是主機？
1786	遊戲	長期打遊戲對你有什麼影響？
1787	遊戲	300英雄狗年會有活動嗎？
1788	遊戲	dnf童話妖精養成記活動怎麼玩？妖精成長積分可兌換獎勵介紹
1789	遊戲	王者榮耀：S11賽季特別要注意的事情，敢說這4個字，直接扣分封號
1790	遊戲	DNF 總算有個號閃了萬世三件套 感覺好受傷啊 俺們運氣是有多坑啊
1791	遊戲	為什麼玩穿越火線，有的人打死人後老是喜歡換子彈？
1792	遊戲	eStarPro vs WF.D前瞻：背水一戰，WF.D脫離保級區之路任重而道遠
1793	遊戲	聯發科P60八核讓OPPO R15吃雞更流暢
1794	遊戲	夢幻西游這幾天連出三把專用，現在已經很難取捨了
1795	遊戲	LOL：麻辣香鍋韓服Rank不合成打野刀？電刀巨魔新套路連勝中
1796	遊戲	穩住，我們能贏！因為我們擁有這種強大的力量
1797	遊戲	騰訊是怎樣毀掉《鬥戰神》這款可能成神的作品的？
1798	遊戲	LOL你不知道的黑科技打法！
1799	遊戲	遊戲拳皇各代的劇情都在講些什麼？
